name,age,street,city,state,zip,lng,lat
Angelica Lopez,26,3698 Trujillo Vista Apt. 015,Port Kyleside,New Jersey,05104,34.027832,-64.135498
Betty Wright,23,1590 Joseph Mountains Apt. 858,New Michaelview,New Jersey,66823,-101.174896,-78.723994
Sara Schmidt,77,8078 Mcdowell View,Adamberg,South Carolina,28503,106.803091,16.596967
Dr. Sherry Rodriguez,41,081 Michael Crossroad,New Maryburgh,Alaska,13864,-11.301690,13.0184795
Rebecca Mills,34,51112 Haley Divide Suite 237,Debraland,Texas,77035,170.618632,-30.0129815
Andrew Anderson,67,68711 Sullivan Oval,Port Danny,Nebraska,60891,114.892097,-23.0057175
Martin Everett,36,997 Kristi Circles,Lake Cody,Iowa,60249,171.692114,-20.8611475
Felicia Gregory,54,5608 Armstrong Knoll Suite 282,Christianland,Massachusetts,86737,-22.135743,25.8175455
Kara Bowers,38,7872 Lisa Bypass Suite 085,Lake Michael,North Dakota,76494,119.438491,80.560435
Vincent Vincent,57,87368 Shawn Mews,West Heatherview,Mississippi,50464,-131.445423,71.8302335
Morgan Butler,79,7819 Karen Orchard,North Jasonland,Minnesota,33483,108.992139,-13.7154115
Stephen Riley,59,9996 Edwards Estates Apt. 637,North Benjaminchester,Kansas,05654,-118.593199,22.3784415
Wanda Thomas,76,348 Rachel River Apt. 478,South Daniellefurt,Virginia,88668,103.824329,73.2672005
Michelle Schultz,57,263 Thomas Villages,Morganside,Colorado,44705,-18.957962,-39.168572
Christopher Rush MD,23,916 Medina Row Apt. 655,New Andrew,Wisconsin,59790,-28.647017,72.0356595
Phyllis Miles,26,4075 David Terrace Apt. 235,Rodriguezview,Arkansas,55388,108.417795,57.0004225
Rebecca Price,80,923 Miller Center,Katieborough,Ohio,62460,-36.461192,-24.855574
John Morse,35,165 Tyler Parkways,Port Charles,Hawaii,39586,23.412926,30.5046585
Nicholas Sanchez,59,5516 Dana Key,North Renee,Wyoming,92766,-113.721069,83.6466925
Crystal Dean,69,6664 Kristen Center Suite 886,Lake Josephhaven,Nevada,75387,-35.125992,24.4051705
Tyler Diaz,54,9961 Hughes Vista,Hayesport,Kentucky,21486,-172.153279,13.227602
Denise Mclean,23,34204 Juan Junctions,Ruizchester,Hawaii,36746,-81.598821,-67.235145
Daniel Grant,69,039 Rachael Fields Apt. 602,Travisborough,Indiana,22661,-2.025201,53.0109915
Sandra Peterson,66,162 Perkins Prairie Suite 071,Hollyport,Georgia,42049,-31.129105,-34.533987
Denise Morse,57,60968 White Cliffs,Franklinland,Virginia,94558,9.993015,-22.309933
Brianna Smith,38,093 Lydia Groves,North Jeffreyfort,Colorado,99013,-45.404221,-40.3514995
Tony Miller,50,16087 Michael Roads,South Jamesville,Arkansas,16086,-119.411766,-16.8105545
Jean Booth,63,65239 Logan Fort,Lake Michelle,Louisiana,10260,-52.812061,-40.890704
Penny Salazar,68,18892 Jason Shore,Lindafort,Kansas,19969,-55.307363,45.2905745
Cathy Williams,50,883 Aaron Cliff Suite 962,Holtchester,Minnesota,77903,4.739036,-89.365609
Hannah Collins,40,010 Melissa Mountains,West Carolineland,New York,86883,89.439521,2.9574375
Maurice Casey,66,35657 Holloway Hollow Apt. 586,Moorefort,New Hampshire,60917,-11.522595,6.786546
Patrick Walker,73,065 Devon Mountain,Byrdfurt,Washington,45096,-165.784206,-25.4448375
Pamela Barton,55,64902 April Locks,East Earlchester,Rhode Island,11225,-4.247024,-64.2519715
Anthony Bryant,22,48716 Patrick Common,North Jillian,Michigan,49812,-44.411500,21.825526
Andrew Harris,53,9595 Eric Extension Apt. 372,New Christopher,Alabama,88670,-31.752869,58.220793
Aaron Harris,52,314 Moore Hollow Apt. 065,Deborahborough,California,19487,-128.031891,-34.5751935
Maureen Soto,19,9087 Miller Corners Apt. 522,Jenniferside,Illinois,21497,-15.169007,-82.107589
Crystal Mcdaniel,27,206 Bender Turnpike Suite 529,Lake Ashley,Iowa,66590,-171.853598,-78.6249095
Lauren Barrett,40,987 Beltran Underpass Suite 406,Philipville,Nebraska,53372,139.049546,-62.4340795
Brandon Perez,49,613 Holmes Cape Apt. 341,Millsmouth,Georgia,67235,11.119808,37.490654
Mark Robertson,24,4713 White Terrace,West Tony,Connecticut,52483,-38.704680,-42.0359595
Nicole Gates,32,5640 Jennifer Shore,South Amberborough,Tennessee,02901,38.405569,4.5376415
Bradley Cruz,31,0786 Soto Villages Apt. 202,Williamsside,Kentucky,36077,90.808369,-23.175768
Gina Burns,29,212 Joshua Motorway Apt. 112,North Alexandriaview,Massachusetts,55908,91.189222,-30.060027
Zachary Martinez,57,55454 Paula Extensions Apt. 402,North Molly,Missouri,81563,-45.840701,70.013386
Natasha Johnson,75,0628 Cynthia Mountains,Rodriguezville,Virginia,60176,136.295390,-48.7967205
Patrick Gonzales,68,17516 Matthew Mission Suite 651,Port Julie,Tennessee,20951,-135.336294,-67.8440225
Terri Wilson,40,25750 Hill Canyon Suite 035,Johnnyshire,Nevada,59633,80.509616,-85.127619
Sarah Lopez,37,2746 Bishop Gardens,West Joshua,Colorado,25321,-33.666573,74.8433895
Dana Turner,65,04456 Barnett Trail,East Natalie,Arizona,16742,-112.803682,25.5244695
Cynthia Johnson,18,2728 Frye Skyway Suite 447,Lake Ronaldport,Arkansas,81879,-170.643806,85.609363
William Thornton,40,07563 Williams Village Suite 286,Port Joshua,Georgia,42136,-161.851066,26.6477235
James Lee,38,247 Wilson Ports,East Christinastad,Arizona,33903,143.562219,23.357210
Stephen Allen,51,2208 Miguel Row Apt. 335,Port Samuel,California,63416,115.081278,8.220987
William Stark,60,14830 Autumn Extensions Suite 828,South Jessica,Washington,46133,-134.360649,-73.0920655
Michael Parker,28,055 Brian Pines,Williammouth,North Dakota,39060,-83.601891,30.573545
Lisa Stephens,61,78307 Brandy Hills,Annafort,Maryland,03619,57.317363,-15.173886
Mr. Reginald Wise DDS,61,3411 Bartlett Haven Apt. 275,Lake Juan,West Virginia,33409,67.921743,-37.312255
Alexander James,29,84473 Christina Crest,Ryanville,South Carolina,45253,74.086441,-2.627159
Kristen West,35,06594 Walker Prairie Apt. 209,East Thomas,Utah,45526,-108.088770,-88.358556
Elizabeth Sanchez,61,539 Lindsay Gateway,South Angelamouth,Rhode Island,77856,35.495229,-62.294703
Jennifer Wilson,32,5688 Spencer Fords Suite 682,Wallacefort,Maryland,49617,-54.721237,6.5087215
Catherine Nicholson,76,5833 Nielsen Lodge Suite 699,Waltonshire,Montana,45940,-16.563848,-54.133069
David Henderson,52,01013 Doyle Rapid Suite 889,West Robertstad,Idaho,73679,132.582306,73.7615275
Stephen Davis,19,02348 Marc Hill Suite 365,Daughertymouth,New Hampshire,89193,-141.215833,78.0955145
Paul Skinner,47,735 Cruz Center,New Sharon,Connecticut,45075,146.437314,-68.5301055
Rebecca Wong,51,628 Debra Branch Apt. 637,New Meganland,West Virginia,49760,17.325294,-82.8546765
Tara Benitez,79,11099 Melissa Summit Apt. 466,Gregoryport,Pennsylvania,25992,-153.475910,42.510998
Sharon Miller,55,48144 Matthew Route Suite 119,Lake Jennaside,Kentucky,12416,123.215010,75.108410
Cynthia Smith,29,003 Tate Motorway Apt. 358,Beckershire,Florida,03185,-28.797006,-53.830768
Jennifer Werner,54,4143 Dana Run Apt. 738,New Renee,Idaho,73679,-38.487943,-42.466453
Rebecca Tucker,64,54523 Douglas Plaza,East Chadfurt,Indiana,47745,-71.616387,-87.3050515
Ashlee Castillo,27,843 Stephanie Crossroad Apt. 139,West Heather,New Hampshire,97838,-41.908098,-23.4844905
Christopher Holmes,21,3435 Melissa Plain Apt. 862,North Brittanyfort,Massachusetts,52926,-152.429739,-25.3346575
Daniel Velez,68,5900 White Port,Bradleyhaven,Oklahoma,54924,-81.642821,-15.360004
Amy Serrano,46,458 Andrew Ramp,Wagnerburgh,Wisconsin,95168,-149.406362,33.666224
Alison Nash,79,00805 Leonard Rapid Suite 700,New Jamesfort,Arkansas,37047,141.599557,-70.9049915
Peter Johnson,69,676 Holland Dam,Michaelland,New Jersey,28775,101.607616,-61.643626
Breanna Harris,26,9879 Gabriel Extensions Apt. 895,Johnathanburgh,California,02472,86.895722,-45.7775855
Eric King,67,91317 Tina Spurs,South Nicholas,Missouri,07178,113.794282,54.230744
Patricia Oliver,21,6825 Carter Vista,South Donna,Montana,37771,125.329894,81.930149
Denise Grimes,65,07308 Heather Ports,West Bruceport,Iowa,35311,58.455360,-85.137668
Jill Olson,69,567 Mendez Center,Kellyfort,Iowa,13819,120.204158,-81.5030195
Stephanie Hart,57,473 Leon Plaza,South Sheila,South Carolina,99633,-67.873309,2.224133
Ashley Lee,49,5551 Garcia Plaza Suite 995,Lindseyborough,Pennsylvania,60231,-162.584720,-43.563781
Kelly Barnes,32,54697 Kristin Streets,Gordonville,Hawaii,50094,-28.235243,-28.9807285
Christie West,33,1497 Anderson Run Suite 916,Kathrynberg,Pennsylvania,08835,52.034108,-63.3431775
Todd Nolan,25,0174 Reynolds Isle Suite 624,East Kennethfurt,Kentucky,21896,-79.321151,-60.343524
Sarah Reed,27,0298 Schmidt Viaduct,West Joshuashire,Indiana,05053,-88.517468,-2.5682385
Jennifer Keith,51,1488 Mary Extension,South Kennethfurt,Kentucky,45202,0.551998,44.642706
Shawn Alvarez,19,4818 Sara Station Apt. 499,Huffburgh,Wyoming,22625,38.006476,65.406829
Alexander Wilson,18,5337 Jessica Parks,Andrestad,Virginia,69558,160.524201,-67.8345655
Rachel Melendez,65,29885 James Estate Apt. 158,East Janet,Ohio,50431,40.942520,-5.408080
Morgan Walters,19,59937 Murphy Harbors,Vincentside,Minnesota,37115,109.581185,35.893320
Nicole Garcia,24,264 Adrian Trail,Nathanville,Pennsylvania,00909,55.106595,-84.069690
Jennifer White,66,4798 Donald Avenue Suite 468,West Michaelbury,Arizona,20268,62.586485,65.664226
Leslie Shannon,46,37048 Sanders Shores,Bakertown,New Jersey,92146,-74.098106,-41.113719
Lisa Clayton,43,770 Tanner Lodge,Karenborough,Vermont,55675,-133.414088,9.624297
Zachary Molina,39,86451 John Vista Apt. 665,Denisemouth,Kentucky,37310,-97.271644,-5.0726935
Bruce Butler,29,39030 Bowman Estate Suite 779,Sarahport,Oregon,55111,-38.086345,86.777891
Dustin Howell,27,29309 Petty Fields Suite 436,East Rebeccaview,Maryland,81303,135.977001,-3.246465
Aaron Smith,61,77605 Peggy Port Apt. 200,West Monicaberg,West Virginia,12149,2.036026,37.1889195
Kyle Green,63,900 Shannon Square Suite 953,Tylerstad,Ohio,36795,58.689586,-17.224700
Steven Clark,78,32299 Susan Rue,North Ryanshire,Florida,25395,-38.442410,33.329507
Robert Holden,19,92394 Kevin Extension Apt. 105,Thompsonberg,New Hampshire,11268,-13.142743,2.092414
Zachary Harmon,45,571 Diana Lights,Guzmanton,Nebraska,43940,-59.187647,19.599404
Rachel Miller,56,1778 Vickie Via,Jenkinsbury,Ohio,44220,-17.775507,-22.900784
Brandon Parker,19,59477 Meadows Fort,Garyton,Utah,66095,144.218301,37.5544485
Walter Martin,40,474 Sanchez Union Apt. 413,Cathyburgh,Louisiana,44030,119.902027,-49.4158225
Jose Young,23,7790 Julie Lodge Apt. 080,Dustinborough,Colorado,83959,-56.246596,76.202030
Kelsey Long,73,5714 Cheryl Square Suite 838,Nunezport,Alaska,64359,-116.337664,73.088675
William Harper,71,350 Danielle Inlet Apt. 552,Edwardstad,Rhode Island,67823,-103.040951,-83.5352965
Alejandro Lambert,39,8030 Middleton Ford Suite 793,East Haroldtown,Louisiana,35586,175.601690,40.408354
Stephanie Carson,65,307 Olsen Curve Suite 945,North Cherylmouth,Nevada,21760,-83.955152,-74.533960
Diana Ortega MD,26,7650 Rice Fords,New Mark,Texas,91127,-159.980414,30.695375
Janet Morales,23,17414 Mckenzie Ways Apt. 992,North Jorgefort,Idaho,56654,169.738743,-47.653832
Eric Fisher,59,433 Alvarado Trafficway Suite 136,Lake Gabriel,Iowa,89080,75.894512,-26.1161285
Louis Baker,53,47056 Leslie Views Apt. 039,West Ericborough,Oklahoma,55112,-112.540635,-39.098680
Cindy Ward,36,61588 Long Keys Suite 691,Markmouth,Nebraska,75621,-74.018184,-41.2057075
Ana Jenkins,79,42357 Miller Isle Apt. 167,Lake Ricardofurt,New York,13553,62.499476,-54.634087
Leslie Barton,76,241 Stephens Throughway,Joychester,New York,59214,112.203593,13.949552
Gregory Price,71,40736 Williams Extensions Suite 305,Johnnymouth,Nevada,95170,-75.843790,49.9751625
Brandon Moore,56,9786 Ramirez Drives Suite 623,Lake Ariana,Connecticut,51965,-43.934664,0.785545
Heather Garrett,25,5202 Robert Loop,North Jennifer,New Jersey,01330,90.531900,-47.4225955
Cindy Hawkins,36,3148 Nathaniel Forks Suite 405,Ellisonbury,Georgia,79036,176.295232,-86.461344
Mr. Frank Snyder Jr.,28,1569 Lewis Manors,West Donna,Arkansas,67477,-155.532184,43.720763
Megan Wang,79,780 Marc Mountain Suite 382,Hannahside,Delaware,32566,-23.717377,-40.2360405
Jennifer Fleming,46,1988 Travis Stravenue,Pamelabury,Oregon,92909,-49.921230,-66.646986
Gary Hodge,46,30454 Alexandra Wall,North Troy,Iowa,28675,151.728712,33.5330635
Nichole Miller,76,49487 Fernandez Passage,Smithfurt,North Carolina,51332,86.660800,-85.1844755
Mitchell Mendoza,43,62928 Ray Lock Suite 820,Jaredfort,Kansas,26609,-169.915058,39.8561245
Bradley Horton,44,4779 Lucero Oval,Richardsfort,Oregon,76744,80.344188,-37.6168515
Michelle Hess,25,4618 Alexandra Knoll Suite 116,Tammyberg,South Dakota,71951,-133.214947,50.472895
Ronald Torres,66,9580 Hoffman Haven,Port Jonathan,Pennsylvania,79709,18.498582,75.5564505
Raymond Hudson,65,4603 Vasquez Pike Apt. 346,Joshuatown,Missouri,16230,119.991986,-54.2425575
Vincent Jackson,26,837 Yates Wall Suite 268,Nelsonmouth,Ohio,52282,-147.448750,-67.817397
Susan Carey,36,67791 Scott Point,South Aaronside,Indiana,26372,147.261496,-24.240255
Chase Wilson,70,9249 Davis Curve,West Jillshire,Hawaii,90907,-69.947092,-17.422868
Tonya Baldwin,70,54364 Marissa Estate,Port Alyssafurt,Montana,20107,84.439455,-35.8477115
Mrs. Tina Davis,74,15674 Anderson Pines Suite 208,Kristinefurt,Alaska,14474,-146.587300,76.057080
Scott Garrett,53,14997 Maria Manor Apt. 444,Nielsenview,Nevada,59868,31.425150,81.925681
Michael Wilson,52,579 Taylor Pines Suite 754,Thomasview,Wyoming,89172,49.974306,-77.7211995
Andrew Orozco,50,6068 Jones Club Suite 480,Richardton,Michigan,05332,160.180122,-70.3835165
Troy Carson,63,9475 Mark Corner Suite 529,Natashahaven,Idaho,62921,53.446790,53.8507415
Alex Winters,71,992 Dennis Plains,Leahmouth,Arkansas,19756,-57.968731,16.5598275
Toni Frank,52,452 Schroeder Walks,Meganmouth,Nevada,50328,-20.618036,78.357874
Kathleen Snyder,55,94709 Thompson Place Apt. 850,Evanborough,Nevada,38301,-144.647048,16.633209
Anna Lopez,39,647 Lisa Pike,Danielport,Missouri,95032,27.653102,-31.850196
Charles Brown,60,6507 Brian Springs Apt. 228,Carrollstad,Massachusetts,24374,55.070026,57.5135775
Barry Ross,73,945 Gonzalez Streets Apt. 371,Marshview,South Carolina,21081,-140.759008,-73.2854535
Emily Ramirez,26,94221 Jennifer Expressway Apt. 459,South Robert,Nevada,40024,176.149590,-72.118768
Anna Williams,52,990 Amy Locks Suite 964,Turnermouth,Iowa,61461,-120.019173,-47.656212
Kristin Pennington,53,1827 Taylor Street Apt. 987,West Rachelshire,Florida,44942,7.038367,56.408328
Mary Aguirre,78,0026 Gray Forks Suite 157,Lake Tara,Iowa,18121,-64.609801,17.707952
Austin Santos,39,2800 Hill Avenue Suite 526,South Benjaminhaven,Indiana,87247,-83.972102,-41.452318
David Nelson,38,912 Carlson Plain,Brownmouth,Nebraska,14311,153.587924,89.493033
Alyssa Mcbride,38,3048 Collins Circles Suite 593,Clarkborough,North Carolina,29760,-136.511037,58.692733
Lisa Gibson,28,714 Ochoa Mountains,New Amber,Vermont,47284,-56.480033,78.267189
Alexander Kelly,18,48365 Rowland Knolls Suite 738,Laurietown,Colorado,87804,112.007243,-31.739124
Ronald Thomas,76,1585 Brown Center,Lake Megan,Ohio,50162,-133.981410,-42.5787135
Michael Hurst,68,4416 Alan Hill Apt. 617,Brownfurt,Oregon,41379,-83.004722,-44.163785
Lauren Ward,19,147 Miller Extensions,North Jessicaview,Illinois,22832,-84.062339,44.8753665
Christian Terry,78,06815 Werner Mills,Port Antoniomouth,Florida,77109,-90.710009,-42.013829
Jared Black,54,316 Williams Points,Fergusonview,Colorado,14059,-33.154661,-5.7105455
Anthony Brown,26,7488 Lisa Islands Apt. 733,Anitamouth,Wyoming,35541,-128.134029,-67.6233085
John Cole,30,7898 Rodriguez Mountains,South Jessica,Colorado,53714,-73.650793,-42.831143
David Lee,80,250 Holland Loop,Thomasberg,Maryland,77773,-65.695198,24.4239675
Lori Thomas,31,97458 Graham Spur Suite 860,Michaelton,Connecticut,62480,-113.522807,-46.9039715
Daniel Herman,75,6396 Alison Loop Suite 161,Romanport,Pennsylvania,01506,3.656162,-33.0076945
Pam Williams,45,63369 Fletcher Loaf Suite 603,Marshallside,Hawaii,59508,-155.756758,34.407360
Sarah Jenkins,23,36898 Horn Expressway,Lake Andre,South Dakota,70722,-8.342195,73.767396
Susan Mitchell,76,0374 Butler Club,Fosterbury,Maine,78662,-154.919746,7.501448
Jacqueline Green,76,01343 Sandy Gardens Suite 308,Port Lucasshire,New Hampshire,89845,155.400945,-25.486830
Victoria Garrison,18,13592 Gill Ways,Thompsontown,North Carolina,72989,109.584492,15.3545575
Jonathan Daniels,67,3624 Fowler Drives Suite 207,South Robertstad,Virginia,19671,139.082009,81.140271
Trevor Hansen,29,40068 Porter Track,North David,Georgia,59193,77.317247,-33.1644915
Laurie Bowen,72,71921 Crystal Common,Pettyburgh,Oregon,58709,-72.918067,-65.143287
James Cline,23,126 Nancy Valleys,Courtneytown,North Dakota,92019,-146.457160,-26.0184745
Michael Rose,21,697 Nunez Station Apt. 936,South Jennifer,New Jersey,13951,48.641430,45.4387955
Lawrence Juarez,66,92080 Moses Flats,West Matthew,Indiana,89186,162.986358,-68.6291775
Lucas Caldwell,20,35360 Tony Falls Suite 617,Michaelview,Iowa,54296,90.117723,-10.566104
Laura Jackson,42,1798 Daniel Crescent Apt. 457,Jordanview,Ohio,05703,-98.463948,-38.770199
Sherri Thornton,74,3956 Lopez Pine Apt. 198,East Jasonberg,Georgia,43136,-163.249913,-81.8999205
Alice Wilson,77,99165 Kennedy Ports Suite 330,West Christopher,Missouri,57336,-136.676824,63.9126525
Diane Williams,40,24661 James Roads,Cookmouth,Alaska,20996,163.005866,-43.7166095
Kara Martin,55,99377 Liu Cliff Apt. 675,Spencerberg,Kentucky,43874,-4.308082,56.585055
Joseph Moore,52,191 Adam Stravenue,West Peter,Rhode Island,67181,-59.549621,-37.519554
Jesse Moses,48,22790 Mitchell Station,Rogersport,Tennessee,30433,-154.413299,-65.9029405
Lisa Mccall,34,21797 Janet Alley Apt. 647,Lake Matthew,Michigan,71021,-150.552585,27.8391665
Alexandra Mccoy,44,4787 James Spring Apt. 159,North Samanthashire,Indiana,83440,43.291344,66.380958
Daniel Martin,63,9203 Alexander Forge,West Christinaberg,Virginia,98548,21.913113,-57.4255155
Claudia Peck,48,65639 Emily Camp,South Douglasborough,Louisiana,47773,-29.987122,61.349811
Jessica Mcconnell,60,8551 Phillips Viaduct,Mcdonaldhaven,Oregon,96726,-82.332928,-58.738940
Kevin Walker,29,385 Theresa Rapid,Port Jeffrey,Iowa,05829,129.465760,-82.1135755
Christina Lee,62,8628 Jones Mews Apt. 497,East Kathleen,Connecticut,67868,-137.599293,-4.208747
Christopher Schroeder,32,66144 Smith Groves Apt. 837,Lake Michaelview,Missouri,52640,118.187351,41.0702375
Melissa Parker,31,795 Thomas Square Apt. 265,West Josephshire,California,17827,-49.769117,35.9808755
Janet Molina,50,225 Daniel Via,Dawnport,West Virginia,59724,-138.685781,-84.612880
Barbara Harris,56,766 Barber Burgs Apt. 064,North Jeffreyshire,California,20302,-135.291628,-40.4325395
Joseph Hurley,50,64444 Kristi Rapids,Nancymouth,Utah,93713,-159.453216,-26.5162715
Greg Hayden,73,243 Duncan Manor,Lake Jacquelineside,Rhode Island,24619,-138.077814,-7.546700
Edwin Adams,66,9537 Johnston Forest,South Whitney,New York,07817,-50.147562,-40.714567
Ashley Hunter,40,0035 Sullivan Landing Suite 013,Kristyton,Wyoming,45073,-23.142003,-45.551171
Jennifer Tucker,29,18540 Jeffrey Dam,Cervanteschester,Massachusetts,38848,-146.508425,-71.2281325
Eddie Gray,34,6554 Thompson Spurs,Jennifermouth,Utah,81104,-9.407420,-63.0589355
Jennifer Evans,54,60873 Melvin Circle Apt. 360,Stevenshire,Florida,90320,93.591017,3.3476375
Stephen Carey,71,6104 Edward Place Apt. 655,West Michellefurt,Connecticut,85940,-64.940321,-56.265441
Samantha Campos,56,971 Romero Shores,New Christopherfurt,Massachusetts,92064,-58.056605,-58.4157885
Meagan Brown,27,13644 Brewer Groves,Rebeccashire,Montana,90092,84.165277,-1.7163355
Miss Marisa Barber,76,086 Bennett Meadows,Amberborough,South Dakota,20914,145.983181,25.8980275
Jay Mann,79,144 Cynthia Crossroad,South Susan,Iowa,93843,5.477505,10.746743
Matthew Campbell,77,71992 Derrick Cliffs Suite 877,North Catherine,Massachusetts,49098,-154.850784,-6.3296765
Brent Rodriguez,78,29617 Jessica Grove,Robertborough,Vermont,91895,84.737525,38.7844355
Teresa Ross,24,929 Clark Corners,West Donna,New Jersey,57930,-98.063254,17.067410
Mary Martinez,34,14416 Ricardo Causeway Apt. 914,Port Karenmouth,Connecticut,60768,11.342974,3.789900
Joseph Lewis,30,3064 Matthew Shoal Apt. 016,Fullerborough,Ohio,23880,102.923954,-60.160560
Dale Davis,71,91562 Thompson Way Apt. 995,New Kathy,Vermont,90500,-89.206597,-84.9491505
Elizabeth Evans,28,57843 Kelli Corners,Lake Juanchester,Iowa,21228,-177.314150,83.8662385
Shannon Wang,55,250 Walter Corner Suite 280,East Timothy,Rhode Island,26305,-118.315530,-86.536154
Brandon Campbell,41,496 Sabrina Fork Apt. 098,Grayview,Florida,61254,144.324061,-69.2190055
Rhonda Pace,57,6833 Emily Road,South Christine,New Hampshire,66389,145.128342,83.571864
Sarah Santos,37,56117 Mendez Rapid Suite 039,Woodardshire,New York,36897,-88.909148,49.5029765
Jacob Ford,40,2488 Spears Street Suite 629,Michaelport,Oklahoma,31827,-47.874473,56.8530685
Matthew Hansen,79,49755 Jennifer Court,West Jamesview,Georgia,80006,0.796730,23.547896
Amy Ray,38,648 Clark Alley Suite 964,Michellemouth,Oklahoma,65407,-102.952990,-45.819064
Aaron Fields,75,923 Jason Hills,Lake Kathryn,New York,08858,26.152391,-74.779346
Mary Taylor,26,90094 Bradley Vista,Seanmouth,Kentucky,12072,-107.020888,-82.2148605
James Morris,19,32207 Bass Plains,Kyliemouth,Arizona,31912,-172.475825,51.5222205
Darrell Cain,57,03124 Cunningham Center,Carlaville,Arizona,15498,4.890776,86.6560065
Michael Smith,55,5189 Kelsey Fork,South Michaelhaven,Arizona,90343,-82.982261,-49.327866
Scott Coleman,40,9982 David Trace Suite 385,Amandashire,Maryland,30723,141.834314,34.7228515
David Fitzpatrick,68,910 Thomas Centers,Angelafurt,California,53629,-59.381613,-85.8411435
Debra Shepherd,38,710 Zuniga Lodge Suite 216,New Samantha,New Hampshire,53877,163.638180,7.8081515
Paul Rush,65,3577 Austin Radial,North Hannah,Louisiana,46213,-143.296743,14.3325615
Brett Hernandez,18,49247 James Center,Kruegershire,Alaska,70215,123.105766,23.1774175
Sheila Riddle,70,155 Carolyn Cliff Apt. 070,Port Nicholasmouth,New Hampshire,65923,88.549082,-72.216791
Joan Austin,53,470 Matthew Mission Apt. 408,Port Hector,Georgia,66167,-94.880843,17.954038
Michael Garcia,61,7520 Hernandez Lake,New Ericside,Kansas,57275,0.315529,-14.195070
Natalie Harris,52,246 Franklin Stream Suite 457,Port Joseph,Virginia,57227,-171.048452,-14.9995515
Steven Dean,79,725 Ronald Ville,Knappton,Kansas,99861,-125.742002,-18.4057015
John Brown,30,967 Morgan Expressway,Micheleborough,Delaware,31842,64.829990,-27.2578795
Keith Zimmerman,61,6412 Sanford Lock Apt. 966,Lesterport,Ohio,56079,-104.266724,-82.7155545
Curtis Byrd,22,82073 Castillo Passage Suite 565,Jonathanfurt,Kansas,71196,-43.596399,-27.732061
Mariah Green,38,10236 White Harbors Apt. 620,Port Sarahhaven,South Carolina,57504,14.599410,57.509874
Roger Huynh,71,431 Novak Corners Suite 744,Jenniferborough,Kentucky,97245,-39.878207,-21.056664
Christopher Zamora,57,26086 Robin Fords Suite 015,Brendastad,Utah,41207,-150.364043,4.364967
Joyce Crawford,18,407 Tucker Alley,Lake Joshua,New Jersey,02447,-6.405985,45.0458555
Angela Smith,70,367 Danielle Harbor,Port Wayne,Minnesota,66648,-75.398221,41.329932
Veronica Robinson,22,21342 Lori Park,South Garrett,Alaska,02283,-165.108826,-13.822926
Christopher Bates,73,6218 Amber Mount Apt. 134,Harristown,West Virginia,62164,123.899664,62.7506485
Steve Stone,27,59262 Huff Springs Suite 701,Loritown,Vermont,34264,109.613951,-69.547981
William Cook,22,61468 Brooke Rapid,New Cindymouth,New Jersey,52019,3.869494,10.186915
Lori Wood,51,44528 Andrea Isle,Port Derrickmouth,Wyoming,24208,56.467968,50.059302
Jillian Reynolds,79,908 David Stravenue Suite 867,Ethanport,Maryland,47927,164.153937,5.5947085
Angela Caldwell,73,702 Harris Union,Jonathanmouth,New Jersey,22392,24.032960,16.1653445
Shane Campbell,52,98270 Jacqueline Via Apt. 266,West Brianshire,Montana,50849,104.936113,25.436579
Karen Lawrence,58,63142 Williams Mount Suite 005,North Meagan,Minnesota,21815,-121.596445,-71.7175795
Kimberly Wood,26,138 Jacqueline Burgs Apt. 826,Scottmouth,New Hampshire,51431,71.206393,82.690818
Samantha Lopez,74,009 Morales Unions Suite 754,Lake Feliciaton,Idaho,05692,-15.337437,70.7033965
Harold Miller,63,4380 Jennings Ford Apt. 183,Grayton,Illinois,74320,-61.535211,69.593597
Raymond Cooper DVM,68,40034 Carroll Hills Suite 055,New Annetteborough,Illinois,05266,-15.211867,0.539848
Kristen Patel,53,12132 Gonzalez Manor,New Georgeville,Alabama,99201,139.034394,-58.5824965
Anthony Mejia,31,312 Stephanie Manor,East Steventon,Oregon,18843,85.060711,29.8922595
Raymond Thomas,51,622 Melissa River Suite 179,East Brandon,North Carolina,60115,99.746834,44.2187455
Scott Young,71,064 Audrey Courts Apt. 421,South Nicholasville,Wyoming,25399,44.735832,78.649764
David Larson,31,0961 Joseph Tunnel,South Angel,North Dakota,59530,-117.131827,-74.649070
Jon Murray,47,14320 Colleen Greens,Selenaview,Maryland,15647,-36.734447,-1.363583
Stephen Taylor,26,008 Chad Port,New Paulburgh,Florida,35473,25.723208,-48.2511385
Jennifer Hernandez,22,0321 Mary Cape,West Sylvia,Arizona,33798,83.803466,-34.917663
Stacy Smith,71,422 Melissa Mountains,North Mackenzie,Pennsylvania,23446,59.532070,-43.358903
Juan Owens,48,331 Bates Bypass Suite 734,New Patriciaberg,Pennsylvania,71214,152.885823,-26.8219175
Brian Adkins,49,17144 Morris Lakes,North William,Michigan,66757,7.003203,-24.7642975
Jesse Wells,77,8385 Turner Brook Apt. 638,West Rebekah,New Hampshire,50352,-129.907014,-34.0330645
Kyle Matthews,59,21051 Mary Plains,Hoganstad,Florida,86018,-173.621849,79.894475
Dustin Russell,22,6708 Anderson Ports,Morrisview,Massachusetts,45557,103.564662,-24.6909215
Richard White,44,49919 Marsh Stream Apt. 797,Danielport,Virginia,30735,-151.274104,-12.4345735
Brittany Nichols,76,8914 Ellison Light Suite 022,East Jessemouth,Wyoming,79722,-74.364387,4.031754
Colton Kelly,58,636 Lindsay Inlet Suite 797,Justinview,Massachusetts,15124,16.388770,-44.7150435
William Perry,72,7723 Steven Highway,West Caitlynburgh,New Mexico,98940,-64.947664,-9.955972
Thomas Cummings,25,4835 Williams Grove Apt. 950,Goodmanview,Ohio,35554,-100.941061,-23.4640605
Timothy Ballard,25,160 Kevin Track Apt. 792,Donnastad,Mississippi,24159,-62.010926,-52.199178
Richard Washington,72,146 James Knolls,East Chelsea,New Mexico,99570,124.941014,-29.140648
Joshua Lam,75,795 Sarah Garden,Port Justin,Utah,08977,-12.707844,-22.830628
Grant Jackson,65,611 Lucas Mount,East Charles,California,40988,-123.039259,-39.2468775
Erin Baker,68,07860 Juan Brooks,New Austin,Michigan,15741,-161.773476,-69.003331
Scott Flowers,44,0370 Anderson Island Apt. 128,Tommyfort,Colorado,98309,-41.230771,-72.2765985
James Adams,40,955 Gardner Shores Apt. 073,Michaelbury,West Virginia,04278,156.091222,68.670163
Heather Alvarado,47,45384 Clark Center,New Stephenchester,Kentucky,13564,22.991576,-67.5081055
Jennifer Snow,62,0915 Kiara Vista,North Davidton,Mississippi,60685,-0.563410,68.779830
Mario Jackson,68,1032 Leslie Isle,North Paulshire,Arkansas,06054,2.918706,3.0210715
Kevin Collins,51,711 Peter Fords Apt. 318,Kingmouth,Illinois,87509,-68.641404,-55.716702
Danielle Garcia,26,742 Charlotte Causeway,Lake Gina,Minnesota,02729,-30.492635,80.950997
Brenda Jackson,61,86360 Underwood Corners Apt. 503,Brownberg,Pennsylvania,61395,45.757786,-44.477846
Ashley Parker,61,6622 Natalie Row,Josephmouth,Indiana,78278,32.257138,29.9704655
Angela Hickman,75,3854 Ronald Turnpike,Scottside,Pennsylvania,58538,137.738626,82.360792
Carol Rodriguez,20,64672 John Court Apt. 703,Angelabury,Colorado,97401,177.133389,0.338841
Vernon Anderson,42,38118 Amanda Flat,East Whitneybury,Michigan,62628,-73.382482,22.633367
Jesus Church,25,44468 Gonzalez Roads Suite 582,Michaelstad,New York,88610,-161.867275,88.5110065
Michelle Medina,22,416 April Ford Suite 550,Jenningsside,North Dakota,76452,-31.392334,-10.875071
Nancy Bryant,23,13567 Thompson Neck Apt. 139,Haleyton,Mississippi,25575,110.073762,58.742407
Jennifer Martinez,60,409 Adam Mills,Matthewton,Illinois,69608,31.298240,25.8711955
Amy Dougherty,65,76110 White Branch,South Davidbury,Wyoming,74001,-79.811760,-41.342511
Alexis Sanders,70,917 Patrick Via,Lake Erikaview,Virginia,03221,179.447075,-62.3643205
Austin Salazar,26,9784 Martinez Forks Apt. 434,Acostaview,New Mexico,39458,-97.680580,-48.925015
Amy Williams,64,991 Ochoa Radial,Dominiqueberg,South Carolina,99634,178.235072,-25.3306435
Richard Haynes,41,743 Rowe Curve Suite 393,Schmidtshire,Washington,89584,56.189388,89.770625
Christine Stark,77,914 Hamilton Mall Apt. 401,New Ginaborough,Nevada,79588,39.273492,22.125453
Anita Medina,54,536 Marquez Plain Suite 091,Audreyport,Michigan,71468,114.714064,32.7134725
Mr. Thomas Duran,51,2574 Kayla Mills Suite 155,Parkerfurt,South Carolina,28500,148.553044,82.552764
Mr. Russell Peterson,57,804 Anderson Point Suite 099,West Jameschester,Alabama,66476,-70.049482,82.451424
Jack Richard,63,387 Haynes Port Apt. 425,Ryantown,South Carolina,61998,-129.573992,-56.834732
Michelle Erickson,42,1148 Williams Port Suite 231,Nicoleport,Indiana,48865,-43.551066,-82.348932
Mitchell Williams,24,09797 Matthew Manor Suite 909,Amandabury,Nevada,44575,-16.875789,55.341995
Adrian Herrera,50,71804 Anthony Road,South Yesenia,Arizona,48815,24.974566,-58.8078365
Michael Brady,57,05246 Janet Stravenue Apt. 109,Sarahbury,Indiana,69601,-90.280393,47.034606
Jamie Zhang,74,8043 Katie Ridges Apt. 982,Martinezbury,Oregon,44085,32.161104,-77.7206345
Helen Brennan,47,810 Jeremiah Station,New Anthonyfort,Georgia,83078,78.912025,63.3676605
John Myers,66,071 Gabriel Bridge Suite 375,Hartmantown,Maryland,04170,167.373391,-5.834112
Patricia Nash,53,77888 Glenn Road,Lauraborough,Utah,32574,90.886484,15.1460015
Michael Johnson,19,2934 Sarah Trafficway,North Jared,Mississippi,10724,174.700214,54.225009
Anita Berger,22,96410 Gabriel View,Parkerstad,Iowa,47644,124.187944,-85.7303615
Jason Guerrero DVM,37,3602 Williams Flat,Martinbury,Georgia,54737,155.880888,-18.476519
Kimberly Davis,74,5642 Miller Inlet,Port Adriennestad,Wyoming,95503,-9.108319,-51.390068
Bryan Hansen,41,83843 Steve Meadow,Matthewburgh,Arizona,11707,-27.734415,53.6015805
Rebecca Obrien,40,9832 Newman Street Apt. 040,South Lindsay,Illinois,56622,46.354899,10.597256
Sarah Santiago,71,9376 John Mills,Lake Steven,Florida,95868,53.619239,-55.6959005
Christine Lane,21,243 Paul Village,North Rachelport,Mississippi,94394,79.551077,17.184266
Jerry Lewis,18,81176 Meyer Plaza,North Kenneth,New York,89496,79.054962,52.079779
Stephanie Miller,47,41880 Miller Bypass Suite 977,Tylerborough,Virginia,73507,14.734871,-55.701984
Kristi Bradley,19,455 Brittany Neck,Williamsstad,Iowa,72774,-170.549811,26.8930995
Darren Moore,40,92045 Lisa Mill,Wardtown,South Dakota,51428,138.438469,-63.320750
Kristina Cunningham,66,564 Danielle Road Apt. 989,Morganview,Louisiana,20067,-59.503806,-49.2416465
Laurie Moore,64,96074 Hernandez Ridges Apt. 835,Teresaport,New Mexico,39455,47.425006,-45.1077555
Aaron Lewis,74,18184 Porter Spur,Port William,Florida,54188,178.895031,-63.470123
Theresa Vang,76,627 Horton Springs,East Kylieport,Kentucky,30990,-65.736930,41.6013105
Chase Reese,60,4234 Tracy Parks Apt. 205,Lake Sarah,Connecticut,22276,-144.020402,7.9624595
Matthew Ferguson,55,945 Johnson Bridge Apt. 191,Marieville,Maine,72144,-42.195531,10.957494
Victoria Lewis,22,6211 Amber Mountains,Jamesborough,Arizona,04880,27.170785,3.054596
Jon Scott,40,2809 Rebecca Knolls Suite 819,Katherinechester,Missouri,19031,-34.677717,-8.3994495
Lisa Campbell,65,9164 Matthew Plains,New Brendashire,Washington,69666,-7.052350,-85.3284855
David Ramirez,34,56148 Tate Parks Suite 233,East Rachel,Florida,77035,-173.875594,82.3313085
Gabriel Rosario,73,81761 Nguyen Grove Apt. 715,Madisonberg,Maine,13772,67.567849,17.719399
Kristi Johnson,33,78640 Espinoza Cliff,Cisnerosstad,Kentucky,24343,-178.686352,-7.0958295
Jennifer Schwartz,59,9795 Smith Dale,Williamsburgh,Wisconsin,41525,-115.814224,-77.737328
Daniel Norton,56,3853 Matthew Lakes Apt. 092,Port Michael,Rhode Island,75873,-5.306333,-60.243248
Richard Montoya,47,8382 Priscilla Road,Mitchellfort,Indiana,24632,132.744997,-50.0624535
Daniel Norris,60,542 Anna Avenue,West Margaret,Mississippi,74378,86.599929,-64.6523395
Chad Taylor,75,77560 Patrick Mountains Apt. 391,Morrisfurt,Washington,05121,-24.760025,-42.6053265
Angie Allen,72,059 David Shore,New Nicole,Mississippi,74738,164.125051,-59.9191255
Michael Brooks,54,7370 Daniel Unions,Andrewfort,Ohio,39702,123.288994,61.878870
Hannah Poole,61,86489 Jones Turnpike,North Stevenland,Utah,32373,-166.127181,-82.787876
Caitlin Ray,48,98492 Davis Parks,Port Bryan,New Jersey,92791,-83.402443,82.3802695
Mr. Steven Gardner,78,7158 Kramer Squares,North Allisonton,Indiana,99840,34.213832,-22.186323
Jennifer Macdonald,70,63162 Stanley Ports,Thomasland,Texas,48295,48.608467,62.7201595
Vanessa Small,26,000 Samuel Keys,West Paulville,Kentucky,88395,-139.227075,-45.647074
Dennis Gray,25,4338 Baxter Crossroad,Andradehaven,New Hampshire,40602,57.497652,-35.557591
Sandra Kirk,78,360 Lisa Expressway Suite 714,South Bryan,New Hampshire,63476,169.612901,-49.966892
Jason Wagner,41,60018 Williams Cliff,West Terri,Nebraska,55075,-132.721008,-41.967795
David Owen,22,51895 Brian Meadow Suite 739,South Seantown,Michigan,21356,30.578095,-10.441249
Rose Terrell,77,7110 Malik Junctions Suite 195,Norrisborough,Minnesota,63334,146.683145,68.6872505
James Green MD,19,663 Martinez Club,Lake Andrewburgh,Virginia,60683,128.703186,-44.4173465
Tammy Patel,34,37072 Mark Trace,New Donnahaven,Virginia,20770,-30.370776,-52.6742845
Joseph Lucero,64,050 Beth Burgs Apt. 211,North Randyport,Tennessee,32549,-126.570478,75.6077075
Stephanie Rojas,44,18633 Johnson Motorway,New Robinside,Ohio,33001,-60.852383,-1.192774
Brittany Johnson,49,17212 Cunningham Neck,South Victorialand,Massachusetts,21094,110.146294,60.821243
Christina Cummings,50,83419 Jack Trail,Murillotown,Missouri,50169,-70.001166,36.4745605
Eric Downs,72,2558 Griffin Walks Suite 508,Amystad,Colorado,44629,129.195186,-8.5770335
Paul Finley,78,89071 James Villages Apt. 319,South Barbara,South Dakota,47581,-142.656813,10.082496
Danielle Jackson,74,548 Joseph Via,Port Matthew,California,69218,-117.855723,28.2353895
Anna Johnston,25,97780 Patterson Plaza Apt. 687,Sanfordmouth,Iowa,51487,63.649734,-66.8606365
Ashlee Hodges,41,569 Steve Lock,New David,Massachusetts,28757,-32.988230,-83.7874985
Thomas Francis,36,9103 Bruce Harbor,Debraton,Washington,77272,165.318923,-40.4788275
Cody Baird,18,13479 Phillip Summit Suite 418,Ryanland,Arkansas,13855,173.145601,73.4360805
Jeffrey Walter,20,5042 Ramirez Points Suite 228,New Andreaton,Wisconsin,47076,63.793150,75.932045
Hannah West,63,45761 Jessica Underpass,Manuelport,Nevada,26824,173.991150,-33.8872565
Anthony Byrd,69,055 Timothy Junction,East Kimmouth,Washington,99373,-4.882965,69.4950245
Julie Ramirez,41,063 Shannon Plaza,Kennethside,Tennessee,37884,131.790986,-0.0361195
Seth Peters,18,287 Omar Plains Apt. 920,West Mariastad,North Carolina,21463,150.516201,-54.908553
Keith Salas,51,0986 Deanna Parks,Josephland,Virginia,38019,40.172740,86.486960
Kathryn Evans,33,6221 Anderson Square,East Samuel,New York,71210,-43.645084,49.255407
Dr. Maria Scott,28,95257 Troy Lodge,New Audreychester,New Jersey,66510,84.510538,-72.7900285
Brenda Thomas,28,99916 Roger Freeway,North Janet,Maryland,35383,-112.967418,78.500631
Travis Douglas,22,84606 Turner Radial,Joseside,Kansas,53837,-42.056527,-33.2000065
Kurt Santos,21,80373 Christian Points Apt. 637,East Kathrynchester,New York,71315,-61.949031,-46.792270
Sean Parrish,59,8460 Gabriela Harbors,Andrewburgh,Georgia,73990,111.008356,15.6037265
Brittany Walls,45,683 Scott Land,Ericshire,Alabama,23876,-83.567077,-66.1452835
Gail Brooks,62,40110 Frazier Walks Apt. 049,Lake Kristin,Connecticut,31955,-108.354765,53.228233
Valerie Johnson,32,98147 Curry Wells Apt. 867,North Stephanie,West Virginia,13978,12.450817,6.9686975
Jessica Dunn,26,23311 Mitchell Ford Suite 055,Kennethville,Montana,15100,120.568215,78.972585
Chad Robinson,58,581 Brown View Apt. 655,Douglasborough,Massachusetts,98415,-48.616855,77.7483565
Catherine Combs,76,03566 Steven Cliff Apt. 728,South Joelmouth,Missouri,99915,-118.773645,56.235796
Joshua Boyd,78,275 Julia Throughway,Breannaport,Idaho,30464,99.685895,-40.244478
Alicia Barnett DVM,67,3318 Kline Fords,Bowenhaven,Michigan,48543,-123.620895,-3.843520
Kevin Cervantes,43,3551 Diana Forks,Powellview,New Hampshire,58392,109.123888,75.2275755
Larry Lester,24,5483 Shannon Meadow Apt. 487,Loganstad,Mississippi,93050,170.346536,-32.0784855
Deanna Espinoza,46,3896 Dudley Expressway Apt. 194,East Desiree,New Jersey,88028,-127.900087,-65.9968045
Marilyn Davis,77,0580 Russell Neck,North Benjaminmouth,Colorado,49305,70.815418,-46.8587705
Michael Weeks,66,76786 Farley Fords,East Randyborough,Maine,71847,23.000876,-80.021653
Brandon Stanton,18,0705 Adrian Square,South Rayside,Maine,54391,63.058833,-14.8861895
Ryan Boyer Jr.,34,5053 Stephanie Dam,Jonathanside,South Carolina,56089,60.580629,-56.8296775
Amanda Elliott,62,49823 Holden Meadow Apt. 797,Hansenstad,West Virginia,18747,55.448077,2.040974
David Moore,68,08820 Cortez Village,North Michaelbury,Nebraska,68217,114.542352,77.4426345
Andre Williams,79,50628 Sara Meadows Suite 587,New Richardside,Wyoming,45824,104.592901,48.611427
Jennifer Garcia,30,26614 Karen Square,Pruittfurt,New Hampshire,16265,-54.702052,26.098325
Tracey Cook,23,11790 Jennifer Flat,Schultzland,South Carolina,66936,78.582217,-65.2406435
Michael Turner,36,3750 Laurie Ridge,North Kathleenview,Arkansas,92335,-15.058217,24.1454895
Diana Long,27,9250 Heath Trail Apt. 790,Rodriguezport,Hawaii,93122,-5.081877,13.7533235
John Bradley,26,402 Robert Mountain,Millerton,Missouri,46099,-178.308610,-2.832210
Ann Benjamin,26,722 Smith Ridge Apt. 432,Gilberthaven,Georgia,39636,-109.454116,-6.3104245
Shane House,60,99060 Parker Key,Justinmouth,Tennessee,65459,-37.142487,-2.9202535
Erin Lee,19,1778 Moore Way Apt. 110,Jacobport,New Jersey,02876,-11.624101,81.0180625
Joseph Gray,33,5652 Jacqueline Groves,East Danielletown,New Hampshire,57240,-49.384362,82.056302
Betty Gibson,78,767 Carlson Forest Apt. 032,Batesfurt,Kentucky,48400,114.676578,3.990679
Kristen Graham,21,774 Bush Islands Apt. 334,West Ronald,New Mexico,26644,-60.256924,-50.0858325
Daniel Meza,67,2857 Bowers Park Suite 983,Lake Wendyburgh,Nebraska,81581,127.249416,42.2313755
Sherri Carpenter,57,1264 Kelly Camp,Robertstown,Colorado,13148,42.741332,-2.769239
Andrea Sanchez,63,701 Richard Neck,New Paulport,Washington,38339,38.148890,83.184243
Jordan Rios,72,1868 Stephanie Trace Suite 574,Port Shannon,Michigan,37564,11.654906,-31.809685
Elizabeth Jackson,45,831 Martinez Vista Suite 997,West Judithstad,New Hampshire,86596,78.447440,-79.524393
Elizabeth Myers,46,104 Wayne Fords,New Johnburgh,Indiana,40900,-56.742568,-43.635103
Juan Barnes,65,440 Mia Stream Apt. 357,New Jessicastad,South Dakota,42131,-125.844177,-72.6438205
Christopher Lozano,23,6989 Ashley Mall,Port Normanstad,Georgia,27363,-73.064522,-37.788891
Jacqueline Griffin,67,490 Smith Mill,West Robinside,Arkansas,44752,-171.809572,34.2069375
Ryan Mason,77,841 Linda Parkway Apt. 563,Lake Joshua,Nebraska,06836,-96.175312,-16.3756995
Jonathan Moore,80,4001 Jeffrey Village Apt. 571,New Antonio,Virginia,32132,-125.060383,-38.795848
Abigail Landry,37,9785 Johnson Alley Suite 818,South Samanthachester,Nebraska,83504,62.169056,10.382340
Brenda Hernandez,78,076 Marshall Fort,Port Davidfort,New Hampshire,37491,-105.571470,81.533460
Zachary Pitts,70,400 Adam Vista Suite 794,Barkerhaven,Montana,80402,114.888442,-47.666057
Amanda Rogers,40,3548 Eileen Dale Apt. 769,Elizabethville,Minnesota,32051,170.278855,47.916360
Cynthia Gray,56,7238 Michael Crossroad Suite 955,Boydfurt,Missouri,81137,-143.470314,66.798317
Tyler Barajas,45,768 Cynthia Meadow,Rebeccamouth,Washington,11882,149.721585,9.7641675
Michelle Leon,75,225 Micheal Roads Suite 291,Carneychester,Indiana,83944,-52.278351,-40.421722
Kathy Lang,70,946 Cody Summit,Port Sandra,Colorado,49982,37.204123,30.372373
Scott Townsend MD,18,5534 Douglas Vista Apt. 189,Port Jennifer,Minnesota,52327,167.481464,-16.5879435
Theresa Acosta,34,0684 Danielle Spurs,South Jacob,North Carolina,24629,-56.153377,-57.454015
David Jones,63,3555 Jennifer Mills Apt. 015,New Coreyton,New Hampshire,58527,-151.700658,10.6029205
Jeremy Robinson,39,9204 Simpson Gardens,Greenborough,California,15563,104.216341,52.812117
James Newton,32,02340 Carter Junctions,Griffithport,Alabama,55792,45.212329,-5.670742
Tracey Wells,31,58133 Curtis Mission Apt. 077,East Christopher,Vermont,31078,115.990212,-24.3178975
Maria Nelson,75,10933 Wu Course Suite 772,South Kathleen,West Virginia,66096,-50.293838,-36.9412445
Christopher Griffith,77,1988 Andrews Springs Apt. 940,Smithbury,Oklahoma,51683,-58.589138,84.7778545
Zachary Griffin,48,159 Linda Camp Suite 249,Aguirrefurt,New York,19049,-130.986554,63.8619075
Amy Nguyen,20,04724 Robert Summit Apt. 619,South Ryan,Kansas,87005,87.278068,-33.5236125
April Williams,55,985 Stephanie Port,Jeffreystad,Alabama,96688,9.959297,-44.7441485
Marissa Kelly,23,4705 Cynthia Run,Lake Matthewbury,Maine,08721,84.899975,-17.443096
Brian Lopez PhD,27,43141 Parks View,New Stacyfurt,Oklahoma,85445,142.341124,-43.4710605
William Williams,26,762 Garrett Ramp,East Danielside,Connecticut,47723,104.803828,-39.4788435
Norman Brown,51,94265 Alex Valleys,New Joshua,Montana,49713,-98.493688,71.444271
Charles Fuentes,34,488 Ruiz Plains,West James,New York,08969,116.769493,-11.689272
Anthony Chang,55,60137 Jones Well Suite 915,Port Heatherborough,Arkansas,17614,-89.910122,-10.1454345
Mary Bell,56,120 John Plains Apt. 464,Mosleymouth,Missouri,05945,-115.309623,-41.8636115
Elizabeth Stuart,27,2471 Carol Extensions Apt. 449,Larsenhaven,Missouri,14101,-116.215409,-82.5347075
Mary Mcdonald,61,4927 Emily Villages Suite 304,East Destiny,South Dakota,29463,35.051777,-17.7500025
Martin Harrison,24,357 Jones Lights Suite 746,Andreaville,Utah,76775,-57.624463,-72.604352
Stephanie Fernandez,76,8059 Jacqueline Inlet,Valerieton,Vermont,02256,-166.085230,13.718695
Christopher Brown,25,5062 Smith Streets Apt. 233,North Nicholasstad,Utah,80329,-46.396332,-34.607817
Alexander Stephenson,50,10996 Reynolds Circle Apt. 703,Thomashaven,Utah,43695,-87.173859,31.951179
Grace Diaz,57,3628 Thomas Expressway Suite 195,North Thomasside,Kansas,76764,-90.171932,-42.566941
Frank Bartlett,33,0681 Swanson Fields,North Christina,Kansas,40554,-122.805348,31.7194415
Audrey Andersen,27,918 Sarah Walk,North Robert,California,60886,-72.798046,88.4191995
David Green,38,37646 Douglas Burgs Suite 510,Natashachester,Minnesota,58649,-168.811634,86.666559
Joshua Diaz Jr.,60,34099 Castillo Crest,North Scottton,Massachusetts,04308,-105.352831,-6.4415775
Emily Garcia,48,2631 Hubbard Haven Suite 692,South Norma,Delaware,11917,-47.627597,-78.3855965
Devin Hall,70,69593 Small Ferry Apt. 915,Ericton,South Carolina,34018,-69.760792,67.7839805
Phillip Garner,61,50146 Nathan Mount,West Stephenport,Alaska,64801,170.358038,-73.584255
Katherine Estrada,38,076 Katherine Junction,New Stephenborough,Tennessee,31259,176.135148,67.311678
Corey Saunders,42,4350 Roy Islands Apt. 631,Lake Lauren,Virginia,52069,69.848594,-6.1954585
Kimberly Collins,62,509 David Meadow Apt. 138,New Richardbury,North Dakota,23423,-1.764101,36.663800
Amy Elliott,60,13740 Tiffany Point Suite 581,Sextonfort,Louisiana,43370,94.919334,42.087275
Tanya Jones,71,403 Bowman Junction,Baxtermouth,Minnesota,61009,-108.819408,-39.458760
Patricia Gonzalez,76,99216 Anthony Place,Davidville,Iowa,38553,-73.754964,42.2395645
Jennifer Hill,61,52567 Alexander Trace,Pattersonton,Montana,37036,-64.872405,-13.386791
John Haynes,76,2433 Frey Mills,Alexandramouth,Nevada,53397,-96.345167,86.8214745
Jacob Henry,73,4299 David Forges Apt. 460,Carrburgh,Rhode Island,13213,121.460268,58.985742
Daniel Clark,58,2063 Chad Lake,Port Katiestad,Wisconsin,57439,101.763493,17.476168
Jonathon Taylor,64,7832 Weeks Green Apt. 186,South Chadview,Ohio,38879,149.123892,49.585218
Jesse Evans,36,42794 Sharon Field Apt. 102,East Elizabeth,Vermont,59154,-149.444462,11.208405
James Martinez,80,133 Garza Stream,Karenton,Alaska,10742,-168.617598,29.2213895
Kyle Reyes,52,4789 Haley Parkway,East Dawn,Hawaii,82268,-179.898246,76.080980
Terrence Barker,56,180 Hamilton Loop,South Kelsey,Utah,90644,-173.193958,-21.9559655
Anthony Washington,28,05223 Angela Shores Apt. 353,Susantown,Wyoming,30499,143.696639,-89.3914735
Dustin Le,52,2469 Salazar Row,Feliciaberg,Colorado,46275,-34.275530,8.8124155
Bruce Clark,32,78939 Floyd Tunnel,Robertbury,New Mexico,83747,164.401478,81.050575
Keith Anthony,71,321 Williams Overpass,Allenville,Illinois,32283,-178.661248,67.853870
Jeremiah Stone,34,73953 Christopher Gardens,Ryanfurt,Colorado,26013,-175.591119,8.4818465
Michael Haley,24,88990 Hernandez Spur Apt. 449,New Adamberg,California,61768,-4.455363,-69.006164
Regina Carrillo,51,6377 Philip Shoals Suite 857,New Christophershire,Kentucky,12134,-65.596457,39.840225
Jacob Lee,78,95690 Rios Views,East Christopher,Washington,34515,88.422284,-19.517341
Thomas Gonzalez,64,866 Deleon Mall,Port Keith,Wyoming,77028,-18.473662,74.0106185
Mark Lawrence,25,76262 Sanders Gardens Apt. 314,Port Debra,Nevada,38552,-130.508652,50.248282
Matthew Anderson,50,4315 Robert Springs Suite 042,New Derek,Alaska,43840,126.198514,23.243025
Nicholas Young,29,95460 Simmons Camp,Christopherville,Pennsylvania,43609,157.026336,-52.895980
Melvin Martinez,47,05187 Santos Falls,New Lisa,South Carolina,30790,170.066230,30.7381635
Scott Green,34,0108 Anthony Causeway Apt. 155,New Michael,Virginia,01727,-163.456450,16.3923655
Dana Richards,71,75086 Moore Greens Apt. 847,New Malikfurt,North Carolina,61359,-82.209376,36.799349
Lauren Moore,56,5377 Rachael Fork Suite 774,Macdonaldberg,Oklahoma,43253,114.324957,31.3918515
Terry Campbell,25,8748 Livingston Fords,New Amandahaven,Georgia,01445,107.851479,-39.0621105
Ralph Jordan,78,070 Daniels Forges,Markburgh,Iowa,45969,-134.931496,-42.399937
Noah Reyes,31,845 Sheila Station,Port Robin,Nebraska,13127,-144.545521,-50.834759
Mr. Gregory Mills MD,67,8952 Steven Radial Apt. 380,South Melissa,Wisconsin,22002,167.308979,53.703648
Michelle Yates,21,7415 Christopher Mountain,Riosfort,Oklahoma,73584,-25.320705,-20.997159
Robin Reyes,62,120 Duran Drive Suite 303,West James,Indiana,46354,126.089035,-35.685661
Rebecca Smith,42,41325 Munoz Square,West Sherri,Arkansas,08832,-157.920871,80.897298
Nicole Torres,23,52627 Henry Harbors,South Lauren,Mississippi,68519,-9.661650,-83.281185
Ronald Jones,64,6462 Thomas Lodge,Jacksonside,Massachusetts,80431,-35.815662,-48.918548
Michael Castaneda,63,919 Martinez Parkways,North Molly,South Carolina,58453,-116.777898,-44.986493
Christopher Krueger,18,06168 Baker Parkway Suite 531,Johnborough,Louisiana,44047,27.073759,-75.0066415
Jennifer Werner,23,681 Hayden Knoll Apt. 642,Penafurt,North Carolina,94429,-77.578256,22.332371
Ashley Smith,76,4966 Valenzuela Burg,South Debbiestad,South Carolina,29778,-43.811422,-56.4502985
Alyssa Fields,18,393 Brandy Fields,East Angela,Mississippi,24418,-118.009174,14.254338
John Scott,23,7552 Stacy Square,Howellborough,Pennsylvania,79972,138.676313,-39.2847745
Debra Delacruz,18,308 Hansen Vista,Raymondchester,North Carolina,91277,-127.155028,39.2245295
James Madden,23,171 Nixon Drives,Waltermouth,New Mexico,08271,104.884358,52.974714
Joseph Gentry,52,38351 Jones Junctions,Matthewberg,Indiana,35977,-118.249181,31.0295565
Ashley Cabrera,30,26410 Ramirez Neck,South Wesley,Montana,10354,-50.952082,-34.9106685
Jennifer Fernandez,76,70046 Powell Curve,Luisshire,Indiana,13430,11.743174,-49.176638
James Harris,20,392 Murphy Mountains,South Annetteborough,Wisconsin,39527,-168.173996,-33.518448
Candice Young,35,50787 Knox Tunnel,Carrillofort,Maine,93585,148.703434,3.1903465
Lisa Baker,67,005 Morrison Court,Anthonyhaven,New York,52583,-140.224566,-17.6773525
Brian Mills DDS,72,34120 Lambert Manors Apt. 717,Baldwinport,Maine,63108,11.905244,-54.4905895
Kristin Smith,34,79702 Sutton Plaza Suite 337,Janetfort,Maryland,24798,5.011179,-83.0540745
Jacob Collins,55,682 Natalie Landing,West Brianberg,Connecticut,80108,140.566673,58.9199505
Kimberly Harris,52,2609 Gregory Rapids,Laurenborough,Arizona,52034,104.535279,77.4750015
Michael Hull,25,591 Michelle Pine,Chenborough,Oklahoma,96089,-179.422833,-87.767915
Caitlin Todd,70,4798 Jennifer Port,Russellview,Maine,13534,148.469076,18.9426745
Lisa Harris,36,0833 Vincent Expressway,East Crystalchester,Ohio,63815,76.124321,-20.1268065
Mrs. Ann Stone,56,310 Nicole Island Suite 767,West Amy,New Jersey,83418,101.956833,-76.2361505
Michelle Case,31,798 Pace Skyway,Lake Melissa,Louisiana,65073,6.552983,48.480377
Joe Lowe,22,70806 King Plains,Port Curtishaven,West Virginia,77044,-99.211086,-66.950678
Randall Dunn,36,1402 Bryan Orchard,East Ellenbury,South Carolina,63500,92.381036,-5.704882
Paula Vargas,66,90804 Brown Springs,East Isaacland,Alabama,17876,112.726608,-36.784361
Daniel Walker,63,04980 James Views,Leebury,West Virginia,82373,-44.462703,24.8112605
James Jackson,36,61223 Roger Plain Apt. 714,Everettstad,Wisconsin,66555,-51.353393,20.5498235
Shirley Woodard,64,708 Torres Tunnel Apt. 785,Ericksonfort,Minnesota,52739,19.849238,79.9224045
James Hayes,38,66680 Foster Wall,Warrenberg,North Carolina,17266,120.283499,-74.749975
Megan Austin,63,5425 Harris Viaduct Suite 581,North Stacy,Ohio,39461,-33.691159,64.0324105
Erin Robertson,41,708 Beasley Streets Apt. 178,South Nathan,Kentucky,13774,-160.416047,14.3931745
Robert Phillips,59,5006 Amy Curve,North Danaberg,Louisiana,26793,-123.704943,58.121485
Amy Torres,26,956 Sloan Gardens Apt. 928,Lake Monicaton,Louisiana,58310,-84.489044,81.2613225
Joshua Cox,35,268 Andrews Corners Suite 625,South Kristin,Louisiana,04688,-114.882955,21.3432265
Duane Grimes,18,72532 Meyer Neck,Darrellmouth,New York,52554,-119.371191,-19.239910
Jennifer Burgess,75,8446 Miller Glens Apt. 263,Johnhaven,Arizona,24562,40.792220,-83.069175
Carlos Duran,39,1377 Crosby Coves Suite 724,East Madisonbury,Rhode Island,10039,-5.681914,-27.0139025
Jason Johnson,62,6183 Patrick Camp Suite 895,Leeland,Kansas,86616,-122.898502,58.2436555
Cameron Greer,41,7810 Roy Lake,Baileyland,Ohio,09644,154.489152,60.6504725
Randall Williams,27,69251 Brown Court Apt. 151,Mitchellside,Nebraska,29743,-3.497929,-59.9937715
Jessica Harris,71,6452 Gray Coves,North Juanhaven,Minnesota,54959,167.195677,37.5713885
Joshua Rogers,64,3467 Pugh Circles,Christianburgh,California,82888,-12.204073,70.8108365
Jose Mahoney,23,970 Moss Isle,Thomasland,Colorado,18488,-24.979239,78.606936
Brandy Fuentes,36,6383 Jackson Rest,Port Dominic,New York,26815,97.450741,-30.420856
Angelica Matthews,66,15439 Brittany Lodge,East Samanthastad,Idaho,20744,173.558291,54.0056465
Glenn Caldwell,57,58597 Garza Park Suite 938,Lake Ericchester,Illinois,42032,-30.133109,-45.2358285
Cristian Delacruz,42,24811 Hannah Falls Apt. 978,Elliottberg,Nevada,25286,177.588227,-10.6136365
Alexandra Price,35,6751 Adams Squares,East Elizabethland,Washington,38602,-95.249063,89.649178
Heather Wilson,37,38431 Norris Corners Suite 270,New Lindsayborough,Arkansas,79393,-56.126359,86.115649
Shawn Thompson,34,0163 Sherry Keys,Smithside,Michigan,54198,112.215624,-40.4513245
Anna Daniel,73,29007 Strickland Square,North Lisa,Hawaii,16890,115.717191,-14.4070985
Joseph Cisneros,60,095 Darren Meadows,Lake Jessica,North Carolina,18052,90.261460,-36.066253
Rebecca Estes,38,667 Rivera Rue,Costamouth,South Carolina,98727,156.222967,19.101737
Jeremy Porter,44,31678 Herring Crossing,Charlesview,Nebraska,86489,141.615007,-11.916330
Lisa Mann,37,23131 Alice Creek Suite 363,Port Jennifer,Washington,29113,-174.499437,-85.0786085
Michael Woods,32,010 Justin Locks Suite 112,Carrilloville,Alabama,98230,34.045776,47.651402
Madison Thompson,71,41936 Holly Road,North Jamesshire,Ohio,87813,-38.041760,84.8539295
Nancy Gomez,27,014 Crystal Mews,Lewisstad,Colorado,48414,44.874501,-6.7978685
Julie Blanchard,23,05804 Daniel Gateway Apt. 368,New Dustin,Hawaii,61219,-178.759395,22.1844465
Michael Smith,25,7546 Ronald Street,New Tracy,Hawaii,53929,80.711273,-66.3582135
Angel Huber,26,19525 Jaime Isle Apt. 238,Port Laura,Texas,53078,161.806657,2.3863425
Michael Coffey,64,95644 Jerry Crossroad,West Joseph,Rhode Island,63998,97.962205,-24.214250
Patrick Walter,45,7982 Wise Trail,Valerietown,Iowa,21750,121.170905,56.0471265
Curtis Davis,19,2965 Timothy Square,Castillostad,Idaho,19877,27.196524,-88.7446185
Kyle Stewart,40,3208 Whitehead Row,New Elizabethstad,Florida,10999,77.315892,-43.242891
Angela Jimenez,72,411 Kelley Isle Apt. 813,South Nicoleberg,Kentucky,12570,21.251491,4.789430
Andrew Martinez,63,1111 Lucas Expressway Suite 402,Wagnerton,Arizona,43602,-18.968584,-0.9325335
Angela West,39,0363 Samantha Harbors,New Saraside,South Carolina,15084,-30.574356,86.7593575
Ryan Young,41,9232 Julie Ridge Suite 200,Webbmouth,Oklahoma,19023,-55.911068,-52.1311105
Nathaniel Evans,70,2932 Hays Dale Apt. 617,Williamsfurt,Rhode Island,78461,-0.239495,-74.980565
Dawn Bryant,36,5625 Mendoza Loaf Apt. 221,Debbiefort,Alabama,44689,-132.396007,-43.8792125
Danielle Lewis,48,179 Mary Meadows,Smithstad,Maryland,75594,5.246504,72.9474175
Matthew Newman,57,5182 Weber Mission Suite 682,Jonathantown,West Virginia,33579,-124.858716,-53.8830565
Robert Smith,78,828 Allison Freeway Suite 887,Janetmouth,Alabama,29215,71.821856,24.3177465
Melissa Hicks,76,84497 Bowen Rapid,Lake Trevorfort,Vermont,05403,17.584256,-54.551093
Emily Lambert,43,765 Taylor Fall Apt. 142,New James,Alabama,39280,15.983089,-62.476315
Krystal Wolfe,70,55998 Rachel Cliffs,Adamsbury,South Carolina,19567,27.665588,23.9646815
Donna Murillo,37,29600 Hines Center,North David,Wisconsin,18294,52.069870,32.281171
Carl Hudson,59,4626 Marilyn Walk Apt. 662,Dickersonland,South Carolina,57693,-89.930337,-33.6046755
Robert Wilson,24,79367 Rollins Mountain,Nicholsshire,Arizona,46522,-45.164068,-45.0433775
Patrick Mathis,26,863 Acevedo Road Suite 947,Markfurt,Delaware,17473,-5.409479,-50.4253525
Michael Suarez,24,70021 Katelyn Park,New Williamstad,Michigan,50614,98.162185,62.756891
David Johnson,56,2739 Mario Curve Apt. 455,South Robertberg,Arizona,84183,-66.868934,-85.406254
William Thompson,61,093 Yolanda Groves,Jeffersonland,Arkansas,63525,136.079440,-0.3511135
Jessica Hansen DVM,73,5681 Mata Glen Apt. 571,Lake Molly,Utah,02226,16.347006,-79.9731525
Katherine Friedman,68,3514 Evelyn River Suite 810,Harrisland,New Jersey,05230,141.249197,22.3624555
Jillian Johnson,20,9204 Walsh Well,Brewermouth,Kentucky,78597,135.718081,38.764584
Robert Mckee,78,050 Julie Ports,Port Michael,Oklahoma,73752,19.565559,-33.338185
Rachel Little,75,0222 Richard Rue Suite 001,Thompsonland,South Carolina,86634,-92.116780,-66.288809
Patricia Smith,60,6465 Angela Inlet,Christopherfort,Arkansas,39342,-44.568061,-4.7607525
Heidi Martinez,63,489 Wilson Glens Suite 565,Traceyville,Missouri,55901,-5.188282,19.9294695
Caitlin Solomon,44,292 Lauren Centers Apt. 695,Walkerhaven,North Dakota,27900,-8.041827,-48.232824
Dr. Olivia Pugh,43,84612 Justin Prairie Apt. 150,Sarachester,Louisiana,13610,-31.145520,-80.700035
John Steele DDS,54,06795 Christopher Lakes Apt. 944,North Michael,Maine,83272,45.039456,84.9031785
Jeremy Mathews,66,89718 Amy Valley,East Coltonchester,Wyoming,36074,-12.856525,-6.202860
Tiffany Hill,55,056 Angela Estates Apt. 725,Gregoryton,Arizona,59799,65.051667,66.328665
Steven Edwards,45,14040 Lewis Pass,Scottshire,New Hampshire,76275,67.550672,27.8241045
Charles Campbell,31,11356 Jackson Forest Suite 799,Williamshaven,Oklahoma,08292,-101.876374,-34.4928435
Brett Hughes,53,3154 Stephen Locks Suite 937,South Scott,Oklahoma,13512,61.927017,28.478835
Christina Villegas,43,618 Lisa Springs Apt. 228,Alexanderstad,Texas,25114,-28.528967,46.9595855
Anthony Garcia,24,818 Bridges Drives,Lisashire,Maine,09963,-152.833992,63.0174175
Nathan Murphy,43,56429 Smith Lane Suite 785,Smithport,Kentucky,88562,-77.793104,-83.928654
Steven Dodson,20,42547 Melinda Station Apt. 236,Kellytown,Maine,05610,160.471192,-15.2614525
Brian Sullivan,23,3429 Pineda Knoll,Sherribury,New Hampshire,35806,172.356165,-87.292315
Renee White,68,205 Monroe Union,Jonathanview,Mississippi,64687,0.086960,-52.2946785
Laura Rowland,20,4624 Michael Spring,West Cindymouth,North Dakota,02641,-59.923639,69.079456
John Moore,61,2257 Davis Squares Apt. 527,West Oscar,North Dakota,42828,96.033633,48.7910015
Sophia Mckenzie,60,6353 Preston Neck,Port Patrick,Utah,40573,-173.553181,-60.9618325
David Roach,26,463 Carrie Road Apt. 341,Lanceborough,Texas,97015,-63.603490,-60.849781
Jennifer Patterson,71,3630 Torres Fort,Hillstad,California,81342,-40.409602,-89.8242165
James Richards,77,7100 Smith Burgs Apt. 293,Ericksonberg,Ohio,85449,19.951025,12.214131
Mary Johnston,72,07327 Murphy Manors Suite 073,Chloeborough,North Carolina,48835,102.643959,62.620392
Brandon Mcdaniel,23,044 Mark Spur Suite 022,Stuartport,Florida,01367,-29.909197,-82.521930
Meghan Stevenson,32,383 Justin Club Suite 667,Wilsonville,Connecticut,01853,-5.219052,-50.8255415
Luis Hayes,68,414 Danny Pike,Shermanview,New Hampshire,19481,-14.326817,33.1163885
Alejandra Sloan,67,26936 Hunt Circle,Nicholschester,South Dakota,26655,34.757845,-77.3156675
Dr. Sandra Miller,76,8497 Angela Via Suite 250,Michaelton,Arizona,24935,-118.682921,57.5845665
Dustin Bond,70,125 Johnson Isle,Johnsonfurt,Missouri,58150,-138.201934,73.253910
Julia Patrick MD,63,308 Mark Estate Suite 017,East Ricardomouth,Ohio,74368,87.200069,28.880691
Jill Campbell,69,638 James Turnpike,West James,New York,03918,98.809889,16.339380
Mark Ford,23,9356 Crawford Hollow,North Robert,Oklahoma,77856,-119.528694,44.0583965
Brian Long,20,257 John Walks,New Jasonchester,Michigan,33593,121.447845,-77.199323
Lisa Peterson,61,58844 Susan Camp,Nicolemouth,Louisiana,41360,129.684454,26.360611
Matthew Lee,39,55667 Krystal Shoals Suite 307,North Amber,Florida,29297,-126.737437,9.6369785
Bradley Miller,45,8518 Jason Cove,New Katelyn,Michigan,65308,145.470378,61.4298535
Jeffrey Moss,46,79174 Michael Point Apt. 261,South Jill,Florida,80001,-12.682367,-55.5848085
Sara Carlson,19,0995 Watkins Walk Suite 304,East Miguel,West Virginia,42214,48.983889,88.4236855
Daniel Rodriguez,60,5016 Wood Loaf Apt. 925,East Charles,Illinois,34764,54.664278,-62.870863
Jeremy David,52,44806 Mack Rapid Suite 996,North Angelaborough,Oregon,94949,-50.442610,79.7827795
Eric Green,39,1964 Kellie Isle Apt. 071,Prattmouth,Illinois,11359,-104.768042,49.2532705
Alexis Jones,28,96684 Gary Forges,Lake Ruth,Kansas,02353,-13.218203,-65.1471075
Matthew Rose,68,768 Li Manor Suite 633,Harrisside,Montana,48131,-77.107527,-12.872524
Catherine Anderson,19,426 Bailey Shoal,Jeanettefurt,Colorado,56141,135.686242,28.662064
Holly Burton,36,12939 Benjamin Cove,Foxburgh,Maine,32739,-86.075096,-13.130270
David Matthews,20,82916 Sandra Way Apt. 155,Annamouth,New York,22485,132.722105,82.854897
Mrs. Kara Little,43,72009 Morris Rapid Suite 784,Weissberg,New Hampshire,87754,174.043524,40.3614475
Jeffrey Stanley,61,21951 Miller Parkways,South William,Delaware,19334,-49.675942,27.550715
James Ochoa,47,8052 Campos Gardens Suite 980,North Richard,Wyoming,68468,-29.469801,13.1466635
Jason Frye,67,30356 Butler Mountain,East Toddborough,Michigan,45502,94.525104,-32.036802
Christopher Ellis,52,45932 Austin Roads,East Kimberly,Virginia,70391,102.090433,-77.6372785
Michelle Nixon,54,373 Lopez Crest Suite 384,Lake Daniel,Oklahoma,63270,143.125603,32.3897415
Andrew Gill,80,81241 Nicole Ville,Kimberlyhaven,Louisiana,92996,-24.398850,65.189086
Jennifer Wilson,56,06749 Taylor Expressway,Thompsonfurt,Utah,65143,135.224131,-66.8305005
Shawn Black,60,983 Alvarez Rue Apt. 020,Snyderstad,Wisconsin,40337,-127.624196,7.910214
April Patterson,49,82573 Saunders Lakes Apt. 778,Port Christopherburgh,Vermont,81658,-175.578233,-49.0239725
Troy Vaughn,68,53293 Michelle Centers,New Jessica,Florida,67724,-4.223673,-66.455146
Alexandria White,32,5202 Griffin Rest,New Matthew,Iowa,20356,19.519731,42.6441455
Scott Phillips,34,89885 Joseph Camp,Thomasberg,Texas,11342,-3.823727,27.699687
Zachary Cisneros,62,44175 Holder Loop,South Robinfurt,Nebraska,73783,-80.821352,0.6612945
Deborah Brown,26,7353 Wilkins Lodge,Port Christopherport,Massachusetts,38787,47.056162,15.487831
Monica Moses,78,04774 Clinton Village Suite 602,North Susan,Wisconsin,12633,-36.112298,52.841830
Brenda Reyes,21,462 Olivia Port Apt. 162,Lisafurt,Pennsylvania,58586,89.607334,46.746844
Miss Renee Allen,36,1387 Heather Parkway,South Charleneside,South Dakota,11386,111.081905,64.3144725
Susan Clark,30,32529 Jeremy Heights,Thomasport,Wyoming,79021,52.289982,-65.1229775
Brandy Coffey,42,1371 Michael Court Suite 195,Perkinsview,Pennsylvania,72105,13.487039,-68.459761
Brett Nelson,49,125 Ward Dam Suite 261,Lake Johnshire,Georgia,68992,-109.177658,-77.214511
Ricardo Young,75,98432 Ronald Turnpike,West Danielbury,New Mexico,68169,-17.623539,83.150695
Paul Lee,35,422 Ellis Green Apt. 280,Port Ronald,Minnesota,63910,-85.774051,16.0681845
David Allen,40,486 Fitzgerald Spur Suite 697,South Dawnmouth,Massachusetts,47467,40.813876,26.253887
Andrea Knight,40,08081 Cohen Lane,Munozchester,Alabama,26239,130.975929,-48.7840745
James Gomez,36,820 Duran Point,North Danielhaven,Vermont,69087,104.097097,2.7896255
Melody Gibson,44,391 Rosales Roads Suite 288,Karenbury,Kansas,49558,-81.617898,-69.008037
Christina Martinez,27,50868 David Creek Apt. 165,Port Frederickchester,Utah,96355,-57.515883,33.4370955
Shelby Smith,23,2568 Daniel Wells Apt. 508,Wendychester,Rhode Island,63980,-98.720029,46.565304
Jason Howard,21,75292 Leblanc Inlet,Smithchester,North Carolina,38334,-2.611996,-32.2245185
Amy Davidson,44,27414 Samantha Crest,New Stephen,Colorado,76788,-38.811695,-82.6937165
Kyle Copeland,40,126 Anderson Plains,Harrisland,Colorado,40063,162.285571,-36.8682445
Madeline Davis,39,8963 Christopher Drive,Meadowsburgh,Virginia,21196,-41.445158,43.6498985
Aaron Young,54,893 Gallegos Gateway Suite 416,Cruzchester,New Jersey,94010,-129.307784,18.991335
Lisa Barrett,46,2869 Sweeney Key Suite 792,New Rachel,Nebraska,30685,120.672168,-25.6893535
Joel Jones,31,30982 Rodriguez River Suite 151,South Michael,Louisiana,16215,104.071923,-33.9429165
Christine Evans,33,239 Anthony Ford,New Tommy,New Jersey,48348,99.592348,26.188410
Kimberly Johnson,57,411 Thompson Course Apt. 954,Timothyfurt,Vermont,91095,79.263801,-71.8467685
Charles Hess,59,7615 Jeremy Trace,New Vincent,North Carolina,38332,31.041163,77.6292645
Paul Dixon,38,66915 Gregory Flat Suite 903,Lake Monica,Kansas,47187,17.358020,-59.826314
Christopher Johnson,79,41106 Derek Inlet,Scottview,Connecticut,65572,140.904477,54.7726865
Robert Dawson,79,730 Becker Mews Suite 329,New Tammy,Oregon,84722,-116.762175,-41.104550
Ryan Dixon,21,902 Sharp Light,North Mark,Vermont,24796,68.726250,78.911354
Julie Martinez,33,8109 Townsend Brook,North Danielstad,Washington,12452,27.616909,-86.6063195
David Adams,42,676 Hughes Passage Apt. 615,Harmonfurt,Nevada,67925,-40.537270,48.0003705
Mariah Brown,53,504 Samuel Walks Suite 520,Port Amber,Alabama,85219,-37.184851,-18.659524
Deborah Malone,68,925 Beltran Ramp,East Alice,Georgia,72454,-65.888360,-31.3266245
John Brown,20,0710 Kevin Gateway Apt. 532,Lake Breannachester,Virginia,67117,-72.599177,-69.2761295
Maria Stewart,20,2064 Christine Center,Port Nicholasbury,West Virginia,91459,-4.612885,46.349302
Mr. Bryan Hawkins,49,70631 Randall Streets,Kaylahaven,Indiana,11223,-62.650071,17.454085
Kyle Brooks,33,16343 Walker Fork,Port Donna,South Dakota,10859,-64.926006,-69.8306125
Kenneth White,18,39502 Butler Hills,South Adam,Connecticut,39231,-56.714702,24.7116645
Patricia Wilson,38,90780 Wagner Isle Apt. 157,Khanhaven,Nevada,53514,-43.156741,-72.2270735
Paul Soto,58,1642 Marshall Junctions,Davidland,Wyoming,91356,45.564942,-74.902633
Janice Garrett,28,74058 Amber View Apt. 629,Lake Dalton,Kansas,51511,5.748911,63.5658665
Randy Strickland,30,901 Michael Passage,Lake Robertland,California,93978,92.198015,-8.258354
Felicia Herrera,25,453 Courtney Plaza,West Charles,South Carolina,16605,-75.003962,-30.8410315
Andre Campos,77,736 Melanie Turnpike,New Duane,Maine,27752,144.243815,82.315859
Justin Meyer,47,906 Christina Ridges,West Lisachester,Nebraska,43756,82.708900,38.3199745
Brandon Brooks,62,413 Mark Field,Wesleyfort,Arizona,97415,-48.692180,-8.227768
Abigail Rivera,74,7322 Paul Harbors,Davisville,Nebraska,90166,-20.915423,-56.795596
Jessica Mann,40,074 Andrew Trace Apt. 151,Wintersside,Tennessee,47665,-89.341664,55.135236
Michael Sawyer,60,0637 Mary Bridge,Keithmouth,Iowa,72168,152.532904,87.916162
Jeffrey Coleman,59,622 Anthony Crossroad Apt. 811,North Christopher,West Virginia,07006,-115.947728,-19.483212
Micheal Castro,38,1911 Ramirez Underpass,West Jason,Iowa,16074,-5.353601,-83.664175
Laura Gonzalez,38,214 Suzanne Walks,Lake Jaredport,South Dakota,83257,51.566307,-69.8505375
Christopher Jackson,71,879 Walls Forges Suite 484,North David,Louisiana,41702,-125.040381,29.684780
William Mckenzie,71,62946 Carol Spurs,Harrisontown,Iowa,98230,177.967321,9.7817805
Kristina Rodriguez,62,4370 Kyle Junction,West Tracy,Rhode Island,75312,-91.755918,48.467841
Kelli Williams,78,2683 Yang Ridge,Davidmouth,Arkansas,32154,57.575555,-78.1845605
Diane Norris,47,1668 Samuel Mount Apt. 634,North Danabury,Kentucky,05572,16.093384,-23.921921
Kevin Carroll,40,9015 Vasquez Points Suite 505,Carrieshire,New Hampshire,88940,177.342106,-69.5353505
Betty Weber,61,9798 Monica Locks,Lake Kaylee,Pennsylvania,70252,-71.283373,87.2978135
Jeffery Robinson,32,6866 Laurie Squares Suite 373,Andersonstad,Illinois,78478,142.181901,70.7491335
Hannah Cowan,76,5900 Johnson Ports Suite 547,East Lisa,South Carolina,19643,-155.583039,69.118145
Brian Kramer,48,44035 Smith Skyway Suite 641,Whiteberg,Nebraska,86451,-53.307032,-23.1431695
Anthony Roberts,56,5021 Clifford Unions,Smithberg,New Mexico,92582,49.144024,-45.7103215
Ricardo Blankenship,46,885 Hicks Trail Suite 007,Melissaborough,West Virginia,04554,50.694148,-10.4944935
Brooke Collins,53,9929 Chad Vista Suite 963,Aguilarfort,New Hampshire,59428,27.991009,38.5233755
Tammy Lawson,23,7268 Laura Pine Apt. 107,Taylorside,Maine,22583,-146.164824,17.669831
Cody Miller,37,99033 Hutchinson Pass Apt. 907,Victoriaside,North Dakota,04757,-109.516897,23.7774245
Dr. Janice Salazar,26,168 Gutierrez Roads Suite 686,Lauraville,Washington,27612,86.676420,72.9709875
David West,71,675 Anthony Landing Apt. 795,West Ianport,Wisconsin,92176,27.077939,4.5162975
Robin Carpenter,27,70915 James Views,Kimtown,California,79729,139.681562,78.442418
Monique Wall,29,1710 Baker Locks Apt. 698,New Micheletown,Alabama,19577,-102.527972,-56.254516
Charles Cardenas,55,8536 Allison Forge Suite 092,Lake Peterview,Pennsylvania,73396,-54.916405,43.579997
Valerie Mitchell,72,736 Nathan Corner Suite 580,West Jessicafurt,Utah,04984,90.507318,9.1301945
Michelle Valenzuela,59,181 Copeland Plaza,Derrickburgh,Idaho,54118,-56.914398,-80.949074
William Poole,18,63396 Ashley Camp Apt. 013,New Brookefort,Utah,14067,151.017629,-73.628726
James Hall,32,91433 Angela Summit,New Brian,South Dakota,72204,-124.202461,-75.997620
Dylan Carpenter,34,9213 Keller Stravenue Apt. 642,Juliemouth,New Mexico,25106,56.743921,69.441647
Linda Medina,39,63424 Davis Harbors,Thomaschester,South Dakota,32434,26.109614,56.297613
Joan White,61,1939 Hernandez Ridges,Elizabethburgh,Ohio,52502,-34.502852,-14.8353935
Mary Klein,19,894 Anthony Throughway Apt. 750,Knoxbury,Rhode Island,58781,-160.214170,86.4668125
Ashley Wolf,72,842 Butler Drives Suite 869,Robinborough,Wyoming,40770,-0.779952,-70.9571425
William Reed,77,37681 Charles Forks,South Thomas,Missouri,50902,-36.869095,-78.2119595
Derek Harvey,54,43636 Williams Roads,North Sarahtown,Iowa,99663,-152.073036,-8.5306895
Kathleen Rodriguez,80,907 Reid Spring,New Jaimeside,Pennsylvania,66560,85.615986,-63.582695
Andrew Rodriguez,21,581 Stephanie Junction Apt. 545,Chaseview,Arkansas,68699,54.925617,17.4666315
Ariel Frank,61,302 Darryl Canyon,Lake Ethantown,Arizona,43620,94.913621,44.206290
Tina French,43,74784 Molina Extensions Apt. 809,Collinston,Oklahoma,11031,-47.409017,60.872775
Brent Waller,38,25560 Michael Mission,Sanchezfurt,California,39317,-130.074572,50.699592
Kevin Allen,60,907 Daniels Spring Apt. 620,Melissahaven,Iowa,23209,-26.790490,-39.372206
Xavier Walker,74,8620 David Mill Apt. 777,North Taylor,Iowa,73242,125.485563,82.0547895
Michelle Sanchez,41,9182 Shawn Stravenue Apt. 861,South Austinmouth,Florida,64628,-150.908480,36.9092825
Rachael Shepard,41,753 Samantha Village Suite 635,Jasonberg,Minnesota,24440,-81.430647,-41.507012
Kelsey Johnson,70,2631 Copeland Stream,Ronaldshire,Kentucky,04552,105.860501,21.0868295
Nicole Webb,78,6521 Tucker Circles,Moranchester,Arizona,65061,-157.835481,-49.524606
Nicholas Rodriguez,61,514 Moore Rapids,Cynthiaton,Utah,83654,135.177763,75.1783505
Eric Vaughan,54,58533 Mann Station,Michaelview,Alabama,15512,17.687066,14.4940475
Amanda Richardson,47,064 Meyer Valleys Apt. 157,Jonesburgh,New York,04671,-162.847434,67.254291
Janice Carlson,74,37902 Cynthia Orchard Suite 292,Port Amyhaven,Minnesota,90254,170.021278,70.275772
Darryl Walsh,67,00300 Gonzalez Highway,North Morgan,Texas,77184,-37.388300,14.6501185
Heather Johnson,33,50122 Brian Parks Apt. 767,Ericaside,Arkansas,46129,-61.659931,-50.0386805
Mark Chambers,53,79237 Delgado Via,Danielside,Vermont,51828,136.152729,84.061678
Tracy Burns,69,6787 Curtis Fall,East Nicholasfort,Kansas,65359,9.290346,-51.7411675
John Cole,74,1836 Lori Hill,New Johnstad,Wisconsin,28364,64.035804,75.558198
Deborah Silva,53,92275 Lindsey Cape Apt. 619,Ashleyborough,Vermont,97880,47.758557,-6.685932
Shawn Hernandez,49,908 Hunt Crossroad Apt. 952,Youngchester,Hawaii,11409,55.281201,2.3002485
Bethany Meyer,72,0255 Sarah Plains,Bradfordberg,New Jersey,71750,-133.373019,38.3613635
Helen Smith,18,9853 Watson Freeway Suite 367,Dylanburgh,Montana,65831,-85.356036,52.152973
Dana Dennis,22,619 Janet Heights,Velasquezport,Minnesota,68332,95.454582,-65.7444105
Kelsey Camacho,49,703 Charles Pines,Fowlershire,New Mexico,71613,10.395779,67.4399805
Matthew Thomas,19,254 Castillo Coves,Samuelport,Florida,07055,154.978757,64.998765
Brittany Arellano,19,30892 Arnold Landing,Dustinburgh,Georgia,21587,43.092003,81.395812
Stacey Jones,28,0459 Brown Shoals Suite 646,Port Marktown,South Carolina,51387,172.564341,-12.502018
William Weeks,35,91026 Justin Route Apt. 481,West Karen,Arizona,34595,-55.383951,78.129545
Mark Beasley,80,5046 Smith Ramp,Roblesview,Montana,97324,-97.454918,-36.372093
Bruce Pena,67,02212 Bowman Stravenue,Port Daniel,Idaho,43666,-65.386847,11.8711305
Jeffery Smith,46,83327 Ricky Mountain Apt. 919,New Christian,West Virginia,88584,150.582691,-4.1202365
Ann Deleon,62,19822 Douglas Drive,Katrinachester,Indiana,91400,-154.030062,-4.779240
Kevin Robertson,39,51579 Jimenez Spring,South Veronicamouth,Georgia,64962,-1.296230,-34.1463315
Vincent Willis MD,72,633 Gloria Crest,New Michelle,New Mexico,78320,32.694619,37.059771
Michael Nielsen,66,821 Ibarra Route,New Jesse,North Carolina,54721,-174.434739,11.6856085
Walter Koch,51,545 Kirby Mill Apt. 632,Anitabury,Pennsylvania,44340,-116.779675,32.1620845
Brian Vega,23,08023 Galloway Circles,North Sarahhaven,Kansas,28054,34.117881,-29.388526
Jeffrey Medina,34,44607 Ellis View,Lake Vanessaton,North Dakota,47959,-34.817322,6.5606505
Erika Banks,49,8427 Henderson Corner,Mirandamouth,Connecticut,50582,-62.714070,-74.767872
Stacey Griffin,73,3861 Smith Meadows Suite 027,Cassidyborough,Oklahoma,87102,-88.707626,-21.9018185
Michael Marsh,77,1580 Andrews Prairie,East Chelseaberg,Pennsylvania,72302,-54.657380,13.052231
Molly White,29,9360 Dawn Lake,Lake Danielport,Nevada,82577,-107.535727,8.519990
Matthew Morrison,70,20566 Jesse Corners Suite 629,South Sandraberg,Montana,05402,21.986559,51.773130
Amanda Burns,74,5544 Mark Flat Apt. 074,New Jason,New Hampshire,63000,-53.263993,-48.9607655
Emily Gonzalez DDS,32,3740 Anthony Lodge,Fosterburgh,Colorado,28495,-97.007710,-11.174144
Gregory King,25,10861 Jonathan Station Apt. 084,Matthewbury,Connecticut,46745,66.691032,35.553361
Dennis Evans,74,950 Miranda Lake Suite 316,Andrewville,Missouri,88872,-179.709141,7.179504
Christina Snyder,32,6731 Anderson Isle,Dawnmouth,Vermont,58391,13.641513,-24.242452
Carolyn Mata,79,59700 Charles Pike Suite 228,West Brooke,Nevada,28490,-63.801156,13.8261165
Brandy Lawson,59,2473 Sanchez Springs Apt. 991,Vickiehaven,New Jersey,90739,127.291490,58.887990
Briana Christian,69,217 Nancy Court,West Michael,New Mexico,76933,-48.527124,-18.673842
Jeffrey Hernandez,27,3691 Luna Crescent Apt. 438,Nicholaschester,Massachusetts,86621,179.237248,77.9102705
John Riggs,59,08989 Lauren Lodge Apt. 021,South Daniellestad,Vermont,56794,-126.009281,60.207010
Barbara Short,65,5408 Craig Prairie,Port Briana,Iowa,11030,-156.535220,-23.4711355
Steven Brooks,70,741 Scott Estate,Lake Angelaview,New York,88077,175.986697,35.411740
Gabrielle James,48,3934 Owens Knolls Suite 139,Drewmouth,Georgia,67683,-138.437092,-7.199635
Robert Young,19,8481 Spencer Falls,Josephstad,Rhode Island,07528,-3.801098,45.1681095
Derek Sanders,62,078 Graham Loaf,South Jeremyton,Rhode Island,91372,178.469490,69.7029045
Mallory Oliver,40,84008 Simmons Course,Gregoryburgh,Arizona,60607,108.424986,-28.613628
Terry Howe,77,71079 Craig Isle Apt. 470,North Tyler,South Dakota,49981,153.333922,-73.5105775
Samuel Wallace,33,300 Brown Manors,Morrisside,Maine,80408,-104.296860,-40.8203785
Angel Jones,53,557 Scott Radial,Valdezville,Oregon,08482,-137.347385,24.6676315
Jacqueline Nichols,30,16696 Klein Plaza,Owensstad,New York,05226,-104.521217,24.577303
Melissa Mcgee,47,2348 Phillips Haven Apt. 683,Lindaside,Illinois,68863,-109.712206,-47.100180
Michelle Smith,63,959 Young Landing Suite 802,Smithberg,California,17048,-150.634904,72.480356
Maureen Baxter,18,982 Davis Tunnel Suite 783,Rodriguezland,Wisconsin,54872,93.846250,29.955319
Kathy Crawford,54,9301 Eric Station Apt. 217,Millermouth,Illinois,90301,-166.452780,-84.666828
Stacy Wood,45,798 Audrey Oval Apt. 173,Mirandafurt,Louisiana,44737,-154.692420,-61.679400
Justin Parsons,59,86051 Teresa Terrace,South Deborah,Wisconsin,20508,-32.475337,-31.643901
Ann Klein,43,9412 Denise Harbor,Stacyport,Wisconsin,54507,-13.176338,-4.597984
Allison Arnold,76,895 Mary Overpass,Lake Cassandraside,New York,05795,-140.021732,53.9331255
Heather Kirk,19,427 Nathan Extension Apt. 071,New Codyfort,Maine,61634,126.879356,41.2939925
Monica Smith,37,035 Jeffrey Lodge,New Joebury,Rhode Island,70896,-149.254234,-67.1789715
Brett Oconnor,46,430 Mejia Camp,Sanderston,Illinois,43921,-61.510321,16.9675825
Anthony Bryant,70,569 Alexis Ways Apt. 769,South Amyshire,Vermont,66880,153.721966,42.096725
Jeremy Russell,34,39339 Anthony Hollow,West Brandonview,New Jersey,79543,-71.189393,-57.3397955
Julie Poole,66,6286 Chandler Drive,Lisaland,Michigan,43113,62.237614,4.5231505
Emma Thompson,31,65226 Amy Fork,New David,New York,00909,-4.793118,70.848391
Bradley Matthews,25,5852 Rogers Crossroad Apt. 241,Jasonstad,Illinois,03297,-110.618392,71.7235795
William Roberts,24,130 Rush Crescent,New Kristin,South Dakota,46939,23.845957,80.676704
Julie Mooney,69,626 Barker Junction,North Elizabeth,Georgia,32573,37.649699,-59.979537
Amy Doyle,79,00198 Jennifer Walks,East Lisa,North Dakota,08621,46.183865,-71.5042355
Amanda Grant,61,38483 Jennifer Valley Suite 790,North Diana,New Jersey,02479,-28.801166,-72.2653405
Eric Anderson,53,9255 Andrea Hollow Suite 131,Port Brian,California,88367,-153.453111,15.1981505
George Thompson,39,36769 Alexis Inlet,New Angela,New Hampshire,78577,-129.184640,39.061478
Dustin Hines,58,8151 Henry Mall Apt. 699,Gabriellemouth,Maryland,30582,110.285852,5.431018
Andrea Frank,51,477 Munoz Parkway Apt. 415,Mcbrideport,New York,42629,77.326228,75.9083005
Jodi Cook,29,294 Jessica Causeway,Port Christopher,New York,26213,-31.481996,84.1911405
Stacy Haney,23,428 Harper Lane Suite 140,Port Ashley,Alabama,47082,-103.411882,30.7480125
Paul Callahan,63,91677 Fuentes Summit Apt. 807,Lukemouth,Nebraska,17579,145.729915,88.4103005
Jasmine Chambers,52,715 White Springs Suite 660,Kellyborough,Nebraska,43654,-122.332464,62.736617
Melissa Pittman MD,63,228 Jose Summit Apt. 254,Port Christopherburgh,Michigan,75834,-79.502412,-73.283184
Deborah Larson,73,866 Lang Course Apt. 342,East Jennifermouth,Kansas,86979,130.180383,22.3030125
Brandon Shaw,66,494 Wilson Squares,North Mary,New Jersey,31828,-104.514937,-83.1236935
Timothy Paul,43,29120 Mora Ford Suite 716,Johnsonbury,New York,34312,-100.844473,78.0096125
Michael Trujillo,31,11356 Day Lock,Port Mitchell,Wisconsin,59538,-132.728320,33.775071
Robert Rivera,29,0379 Tamara Path,Michaelchester,Arizona,22984,-99.789603,20.561214
Dana Nelson,35,23384 Palmer Mews Suite 838,Clarkbury,Oklahoma,22578,84.177916,-22.7514995
Andrea Bennett,76,76488 Rice Parks,Billyside,Mississippi,82922,48.106807,8.276180
Jodi Fox,23,70768 Christine Neck Suite 791,Jessicaburgh,Iowa,71514,37.408178,70.1584535
Heather Hayes,80,592 Danny Flat Suite 257,Travisbury,Colorado,24672,143.578533,-65.736113
Jennifer Moreno,79,54540 Yvonne Forges Suite 169,Robynbury,Utah,74355,38.798826,46.7518815
John Patel,70,50260 Cynthia Camp,Joeport,Kentucky,83252,3.978867,85.6069445
Teresa Oliver,52,195 Owens Hills,East Sylviafurt,Iowa,01003,132.495473,8.809816
Monique Bell,44,7861 Tina Mall Apt. 293,Jeanneville,Oregon,50194,-135.518452,78.549146
Casey Leonard,22,9356 Bell Valley,Shirleymouth,Colorado,14010,5.533959,-29.3444775
Steven Clark,72,09116 Harris Inlet Suite 230,Ramseyburgh,Utah,14664,-150.064534,-61.475098
Edward Martin,45,635 Tyler Glen,West Kelsey,Delaware,89503,-134.466034,-79.8960775
Shawn Orozco,34,06050 Cole Keys Suite 774,West Davidberg,Nebraska,72680,-162.963490,-62.979591
Brandon Yang,26,744 Herrera Roads,Port Katrinaport,Illinois,86281,-87.383785,5.8413795
Nathan Ray,73,47602 Powers Field,Zacharyport,South Carolina,81010,-71.074792,61.200337
Lori Moore,46,764 Desiree Hollow Apt. 192,North Michael,Tennessee,32369,-92.913362,-70.431014
Dr. Lisa Shaw DVM,38,29967 Lynn Street Apt. 429,Courtneybury,Rhode Island,06391,28.847670,-42.591206
Angela Walters,38,2869 Wang Road Apt. 119,Evanhaven,Delaware,92933,-5.031420,39.1525565
David Nolan,18,81955 Thomas Trail,Guerrastad,Iowa,31652,-154.656630,-16.0567755
William Ramsey,50,916 Sosa Fork,Lucasborough,Kansas,25980,-14.983291,-48.3814835
David Oconnor,20,7985 Kristin Pass Suite 815,Robertmouth,Nevada,92911,-19.155553,-20.571216
Mark Washington,21,03276 Johnson Brooks,Stephanieborough,Hawaii,87295,-111.311014,25.2164805
Jennifer Jacobs,24,65414 Liu Loaf Apt. 172,Christinaville,Rhode Island,94366,74.135949,29.5906205
Tammy Hampton,77,684 Bernard Shore Suite 775,Johnville,Wyoming,57786,59.630242,-55.364310
Stephen Farmer,19,2210 Newton Prairie Apt. 309,Allenhaven,Indiana,37072,-33.289466,-44.719245
Jasmine Nguyen,59,095 Rebecca Cove Apt. 498,West Jenniferberg,Indiana,61288,177.821977,23.7803995
Rebecca Flores,75,3100 Crawford Way Suite 827,Lake Luismouth,Connecticut,47499,53.614284,-45.5393275
Tyler Davis,41,529 Small Ville,South Patricktown,West Virginia,20197,-114.159460,-5.425046
Nancy Gray,64,75907 Misty Mountains Apt. 100,New Debraton,Colorado,21652,85.913192,-38.4748575
Brian Sanchez,35,634 Hurst Knoll,Deanville,Connecticut,25365,45.749856,-0.1375895
Laurie Shaw,19,8217 Scott Drive Apt. 320,Hurleyland,Ohio,16147,-81.350287,-56.4481825
Kristina Torres,42,607 Michael Parkway,North Anthonyton,California,24960,18.993581,22.499827
Andrea Rodgers,33,84320 Elizabeth Viaduct,Patrickton,South Dakota,30975,151.896945,87.4011965
Jason Walters,50,83366 Megan Hills Suite 661,Judyburgh,Nevada,86904,-55.688344,12.3290975
Jerry Moss,29,301 Waters Shores Suite 585,Tinahaven,North Carolina,95828,43.016948,61.228704
Jeffrey Jordan,53,2964 Douglas Mission Suite 667,South Brianfurt,Oklahoma,89910,110.633073,-45.766405
Jennifer Wilson,59,3570 Christopher Corners,Tranburgh,South Dakota,83478,14.881129,46.322939
Trevor Mathews,79,96365 Alan Valleys Apt. 443,New Mary,Colorado,65469,-124.870651,34.1310755
Anne Hood,37,607 Serrano Trail,West Michelle,Kansas,29889,149.829368,49.144909
Sarah Williams,26,41198 Adams Ports Suite 131,South Julieshire,Florida,71320,-106.183770,64.145074
Shelby Hernandez,56,532 Shannon Way Suite 456,Sarahburgh,Mississippi,10230,137.054889,25.1432275
Samantha Velez,53,32874 Sharon Keys Apt. 393,North Rickton,Alaska,88258,-143.511414,6.1830235
Matthew Douglas,35,0512 Smith Fork Suite 962,Kennethside,New York,71770,-127.642158,-77.7754665
Ashlee George,48,7562 Matthew Mission Apt. 167,South Juliatown,Kentucky,52055,-143.565755,31.8392395
Troy Crane,77,4721 Kathleen Harbors Suite 448,Kennethfurt,Washington,45303,157.643143,-72.6578455
Michael Cooper,72,842 White Tunnel,Michaelborough,Iowa,84807,-108.247843,36.122874
Michael White,39,57535 Michael Neck,West Victoriachester,Michigan,69063,58.009577,-2.9831915
Mr. Timothy Fleming,57,0342 Brad Mission,Alexanderton,South Carolina,53115,-169.683888,35.013531
Seth Bruce,46,9800 Nichols Views,South Alejandrotown,Pennsylvania,78210,173.240179,7.745290
Jacqueline Carpenter,54,395 Park Highway Suite 438,Lake Valerie,Indiana,05435,-145.165824,-58.579370
Michael Martin,74,919 Harvey Shore Apt. 447,Christopherburgh,Hawaii,66958,73.334964,-4.1666335
Kristopher Henry,47,795 Frank Mission,Jasonbury,South Carolina,13590,-114.852660,-57.488589
Tiffany Porter,76,8749 Wood Bypass Suite 785,Farrelltown,New Mexico,11719,106.460083,-89.616316
Stacy Simpson,25,98831 Phillips Knolls Apt. 854,Barnesville,Kansas,25564,-72.279777,23.496051
Tammy Mcdowell,76,983 Dunlap Plain Apt. 690,South Theresaland,South Carolina,39663,-61.349230,70.275902
Thomas Walters,65,932 Michael Unions,Loweryport,West Virginia,98176,-145.919068,82.1526775
Dwayne Thompson,65,7467 Bray Vista,Jasonstad,Georgia,75235,-150.922124,52.125583
Natalie Willis,49,21431 Perkins Circles,Lisahaven,Oklahoma,66814,-39.461077,-63.2828085
Sharon Taylor,64,61561 Melanie Motorway Suite 234,North Hannahbury,Idaho,23471,-113.444822,-34.700685
Sarah Wiggins,41,9954 Osborne Springs Suite 724,West Kennethview,Idaho,96084,-3.408637,10.2228725
Amber Thomas,77,11374 Anderson Pine,Perezhaven,Virginia,98336,168.564773,45.688247
Patrick Miller,34,3651 Owens Circles Suite 777,Bankshaven,West Virginia,48457,150.513453,-53.981279
Stephanie Hartman,46,6107 Kristina Crescent Apt. 045,Montoyahaven,Connecticut,95870,-109.981294,-24.196596
Stacey Mora,43,350 Smith Club,West Anthony,West Virginia,91847,-175.562597,76.5775485
Katherine Rodriguez,41,9972 Mosley Drive Suite 220,Rochaburgh,Illinois,45155,73.368436,-35.0289565
Daniel Morgan,76,3936 Vargas Fall,North Kimmouth,Alabama,30270,46.603727,-22.2904465
Rebecca Martinez,80,4796 Clark Fords,Port Mary,Texas,16827,-100.787664,85.841974
Nicole Juarez,28,613 Jonathan Forest,Fowlermouth,Maine,06599,-64.905498,-85.2314535
Mark Arroyo,48,01735 Woods Glens Apt. 439,Amyfurt,Tennessee,10739,-91.409155,-31.658953
April Lucero,31,22964 Walker Gardens Suite 639,South Danielburgh,Michigan,87569,67.636479,23.332687
Samantha Garcia,21,65687 Faith Point,New Seanview,Texas,15357,59.294268,-64.4626905
Jon Moore,80,64340 Nicholas Tunnel Apt. 442,West Shane,Montana,82155,-171.727631,28.776809
Joshua Flores MD,30,306 Alexis Village,Travismouth,North Dakota,47288,21.526302,-54.978325
Raymond Jones,40,35765 Linda Islands,Rosalesborough,Alabama,68593,70.034281,79.475628
Billy Hughes,34,192 Christina Turnpike Apt. 724,Port Rodneyberg,Montana,36182,69.273549,-88.7530025
Peggy Valdez PhD,19,725 Wilkinson Extension Apt. 147,New Susantown,New Hampshire,36572,-123.216535,45.465212
Joshua Reyes,35,915 Amanda Skyway Suite 342,North Curtisfurt,Tennessee,02929,-103.862831,19.6121135
Aaron Green,19,7663 Wendy Drive,Port Matthew,North Dakota,43096,28.034233,-15.056624
Wendy Espinoza,78,5014 Bradford Loaf Suite 021,Andrewfurt,Arkansas,64005,-143.229119,-77.051162
Peter Vasquez,59,21571 Brock Points,East Sherri,South Carolina,98511,-42.172576,77.7962475
Diane Harper,36,71798 Curtis Tunnel,Port Audreyberg,Missouri,38036,23.092117,30.2194685
Ms. Rebecca Cantu,53,6508 Dawn Village Apt. 603,East Grant,Wyoming,44556,55.602587,-43.8887025
Yolanda Morrow,62,0960 Michelle Isle Apt. 801,Quinnland,New Mexico,34389,-29.903641,-13.769933
Penny Beard,78,56998 Rachel Stravenue,Amyside,Arizona,24102,154.617176,-53.626269
Lisa Long,40,849 Joel Lake Apt. 044,Griffinburgh,Louisiana,30992,167.215285,-45.472974
Jerry Harris,28,946 Charles Ports,Larrymouth,Georgia,24957,10.639709,51.077523
Bob Willis,70,32458 Gina Trail,Anthonyland,Iowa,37848,-18.167300,65.139608
Duane Chapman,70,77421 Cook Road Suite 273,Sandovalberg,Oregon,87002,10.829119,-87.343797
William Morgan,67,3534 Erica Curve Suite 674,Cruzview,Maryland,55518,23.982096,-13.3989995
Amy Gutierrez,26,8918 Wolfe Islands,Larsentown,Idaho,75660,-36.633635,-26.635051
Amber Nichols,34,08110 Hartman Summit Suite 004,Justinton,Delaware,88131,21.133035,-64.777236
Matthew Carr,48,95847 Heather Tunnel Apt. 892,East Karen,Pennsylvania,12376,129.139207,-20.6383105
Thomas Duncan,25,09428 Sheri Island,North Ashleymouth,Utah,25847,172.385719,52.8151645
Elizabeth Wright,36,9145 Bush Stream,Tylerport,Virginia,89092,128.573720,21.682185
Jacqueline Brewer,35,935 Davis Square,West Carolyn,New York,01004,-76.280585,-5.1629385
Stephanie Johnson,31,877 Brandon Neck,Port Lauriestad,Florida,50347,175.385050,-73.9457795
Samantha Calderon,65,4379 Shannon Summit,Smithtown,Wyoming,65426,-6.208448,30.6296285
Kathryn Gaines,49,56518 Cheryl Trail Suite 358,Wintersfort,New Mexico,49968,-157.855896,36.117363
Angel Jones,73,03643 Lee Stravenue,North Leonard,Wisconsin,18347,172.928810,-36.2698035
Laura Wall,74,01796 Mcguire Vista Apt. 855,East Bryan,Wyoming,61423,176.139222,-69.9883475
Mr. Anthony Hamilton,73,439 Jones Freeway,Harrisonfurt,Montana,52823,-165.535381,67.257538
David Smith,73,47734 Sara Bypass Suite 076,East Kyleview,Kansas,72015,52.707005,3.776270
Kimberly Herrera DDS,57,2475 Webb Drives Suite 343,Josephport,Oklahoma,22892,104.777533,-55.561878
Gina Wilson,43,060 Benjamin Manor,Washingtonmouth,South Dakota,79352,-147.681455,65.0363605
Timothy Byrd,28,45208 Andrew Haven Suite 180,Bethtown,Washington,73337,63.790830,-21.508329
Michael Mckenzie,29,055 Buchanan Ferry Suite 455,West Jordan,Connecticut,86394,164.135271,-70.342711
Jeffrey Mcintyre,76,4977 Spencer Forks Apt. 873,Chambersborough,Montana,15015,155.948247,-46.945854
Teresa Jackson,39,39485 Holmes Tunnel Suite 730,Haynestown,Georgia,67440,150.338035,47.4932305
Joseph Wilcox,41,3795 Mccormick Burg Apt. 422,South Jeffrey,Virginia,07662,-170.215962,-31.943074
Patrick Mcknight,71,177 Olivia Throughway Suite 140,West Patriciachester,Oklahoma,01599,-111.840784,-59.9183695
Ronald Moreno,73,585 James Trail,South Tina,Rhode Island,96225,-62.920571,60.325122
Jamie Sullivan,30,73561 Parker Route Suite 562,North Jeffreyview,Vermont,19603,-40.184847,-88.665531
Jason Anderson,50,744 Contreras Stravenue Apt. 911,Nicholasberg,Kentucky,63488,-54.014389,-85.448087
Steven Stewart,50,66309 Olson Village Suite 794,Waltersburgh,Arizona,78822,-42.916798,-51.018506
Melinda Paul,47,566 Robbins Glens Suite 923,West Lindatown,Colorado,73881,-45.122996,-89.020054
Cynthia Simmons,59,85700 Alvarado Union,South John,Maine,31391,-121.070130,-26.742915
Christian Smith,78,0029 Gonzalez Loop,Johnsonchester,Texas,03490,134.246774,-56.5474995
William Jimenez,52,214 Warner Meadow Apt. 421,Hansonville,West Virginia,63927,-43.851617,-2.386339
Hayley French,36,642 Cooke Place Suite 982,Lake Tim,Michigan,82593,19.627351,-55.703967
Brandon Hess,69,697 Robinson Trail Suite 266,Danielletown,South Carolina,30259,-125.924417,-87.973118
Laura Perry,58,9229 Thomas Orchard Suite 628,Lake Martin,Ohio,55084,135.911610,-75.3620755
Scott Jones,70,895 Christy Courts,West Karen,Oklahoma,08092,18.476708,-86.218326
Christine Hernandez,58,50440 Miller Courts Suite 063,North Sarah,Massachusetts,35610,166.547375,-4.070581
Douglas Eaton,38,69712 Davis Brook Apt. 503,North Laurenfurt,Washington,39544,-118.592600,33.452216
William Soto,69,603 Thomas Path,Carrollmouth,Colorado,34849,-114.352846,32.7742065
Mary Jones,50,371 Sara Mountains,Elizabethfurt,Delaware,65026,-87.011834,-51.418357
Stephanie Holmes,26,388 Spencer Knolls,Anntown,Washington,04564,-88.377416,-82.2126625
Keith Meyers,32,63639 Gardner Ville,Carolynville,Hawaii,70542,-106.834860,83.286930
Paul Fisher,65,1293 Hartman Crescent Apt. 287,Laurenshire,Pennsylvania,74226,22.705214,39.123167
Emily Alexander,24,00172 Teresa Harbor Apt. 965,Jaimeton,Oregon,49926,-179.697581,19.161048
Anthony Schwartz,42,405 Stone Pines Suite 147,Lake Jonathan,Utah,98486,-164.995864,85.1719685
Evelyn Jacobs,72,583 Jared Stravenue Suite 719,Christopherland,Washington,83977,157.354077,-29.7972455
Connie Jones,36,34825 Roberta Divide Suite 609,Mackside,Mississippi,90710,153.023550,23.578391
Carla Gibbs,61,65055 Anderson Grove,Leviton,Ohio,11356,117.514667,18.089680
Ashley Santiago,48,893 Krista Estate Apt. 214,South Thomas,Tennessee,55650,-11.047024,-10.9239365
Micheal Mckee,46,22450 Ross Manors Suite 652,Petertown,Illinois,20798,-129.161619,-76.3702465
Diane Williams,70,6535 Julia Highway Suite 639,Briannaview,Oregon,13400,-158.662287,-40.443310
Jesse Velasquez,23,5829 Karen Isle Apt. 553,South Joseberg,Arkansas,86829,41.402106,82.1821105
Jennifer Rodriguez,73,9384 Christopher Terrace,South Brianafort,Alabama,35838,71.608320,4.454884
Joe Griffin,45,023 Spencer Island,Edwardton,Kentucky,83665,16.514015,58.8382375
Gary Cherry,26,355 Matthew Drive Apt. 223,Matthewstown,Missouri,40621,-132.986103,-51.2486215
Alyssa Edwards,72,99374 Lucas Village Suite 272,West Joehaven,Illinois,37408,99.497883,73.3902495
Caroline Hernandez MD,66,61091 Jose Squares,Christopherville,Kansas,55301,-178.640539,-23.200464
Jessica Morton,18,1429 Ramsey Ports,South Marissaland,Delaware,03371,39.702041,-65.5370635
Holly Jones,42,928 Wayne Branch,Martinmouth,Pennsylvania,96206,-101.481843,-46.473037
David Shelton,36,477 Abigail Walk Suite 930,South Ernest,Arizona,78795,50.062982,-71.596168
Kristina Parks,71,076 Mccormick Freeway,Darlenechester,Illinois,44494,-33.447328,-56.637248
Laurie Hernandez,48,03651 Huff Landing,Patriciashire,Alabama,10896,-48.511148,-67.4504775
Melissa James,46,1880 Wayne Causeway Apt. 683,Gabrielberg,Minnesota,86281,-70.615127,-69.0915815
Jeremiah Adams,24,5761 Denise Freeway,Danielhaven,Pennsylvania,31487,-20.783151,-87.918645
Arthur Robinson,27,895 Heather Ports Apt. 555,Garymouth,Maine,27537,-21.015234,73.0819315
Anna Shepard,63,246 Amanda Crossing,Port Micheleside,South Carolina,08460,140.091628,52.6288965
Brandon Myers,38,921 Kevin Alley,Keithfurt,New Jersey,70182,-20.671722,88.4691825
Paul Cardenas,76,90234 Edward Fall,Ebonyview,Tennessee,40192,-104.587282,40.653466
Megan Santana,53,2551 Garza Locks Suite 752,Clarkstad,North Carolina,27801,50.263647,44.056163
Joseph Marshall,39,386 Morris Hollow Suite 652,Gregoryside,California,24911,40.131040,-64.165677
Mrs. Brenda Harris,20,7677 Thompson Parkway Suite 091,Hunterberg,California,60608,51.917760,-4.444117
Nicole Garcia,37,932 Lyons Ranch Apt. 024,Brianfurt,Georgia,24346,-144.261163,36.2195515
Anna Estrada,50,13720 Myers Wells,North Laurahaven,Vermont,89289,110.957021,89.162454
Carl Moore,50,7945 Brewer Shoal Apt. 922,Galvanville,Alabama,08027,-123.154569,3.2293655
Rodney Hernandez,39,4300 Cole Place Apt. 818,East Dianemouth,Virginia,37644,154.475764,-64.1947445
Madison Christian,26,2632 Martinez Neck,East Bob,Arizona,28334,-23.363283,71.794342
Heather Rhodes,76,562 Smith Terrace Suite 109,Michaelland,Maine,98842,168.188708,-5.9747215
